review_score,review_text,sentiment_label,text_length,product_category_name_english,customer_state
5,"O produto chegou em menos de uma semana, e em perfeito estado. Estou muito satisfeita. Obrigada",positive,95,food,CE
4,"Produto chegou antes do prazo de entrega, e o notebook é bem bonito.",positive,68,computers,SP
1,Deveria algem da empresa entra em contato para avisar se não tem mais o produto,negative,79,,GO
5,Loja excelente. Cumpre o prazo.,positive,31,garden_tools,SP
5,"Tudo certo, só derramou um pouquinho do produto na embalagem. Ou estava um pouco suja a caixa. Não sei ao certo",positive,111,health_beauty,SP
3,Não recebi o Travesseiro Duoflex Natural Latex LN1102 50x70x16 cm acqua.,neutral,72,bed_bath_table,SC
1,Servi ao exército em 1968 Usava os tralheres mas eram menores e o encaixa de articulação muito melhores Estes tenho que fazer curso para ñ me cortar na faca ao abrir e fechar. Ruim e perigoso encaixe,negative,199,sports_leisure,RJ
1,Pedi da cor rosa e chegou da cor roxa escuro e não gostei da cor,negative,64,housewares,SP
1,"O PRODUTO VEIO ERRADO E JÁ TOMARAM AS PROVIDÊNCIAS PARA A TROCA, ESTOU AGUARDANDO O VENTILADOR CERTO... VAMOS VER...",negative,116,air_conditioning,ES
1,"NÃO ENVIARAM O PRODUTO E NINGUÉM ME DEU JUSTIFICATIVA, NEM PREVISÃO E NO SITE DO stark ESTAVA CONSTANDO COMO ENVIADO. HOUVE FALHA DO stark NISSO",negative,144,,MT
4,Excelente produto  Produto maravilhoso e foi entregue antes da data prevista,positive,76,health_beauty,DF
5,Entregou antes do prazo valeu ótimo produto amei,positive,48,furniture_decor,MG
1,"uma vergonha de atrazo desmarcaram a entrega varias vezes e nao me entragrao nada e nem deram nenhuma satisfação. to toltalmente arrependida de ter comprado, e pretendo nunca mais comprar nada no site",negative,200,consoles_games,RJ
5,"Recomendo com certeza A forma de pagamento super fácil, e o produto chegou bem antes da data prevista. Fiquei muito satisfeita com o serviço prestado.",positive,150,toys,SP
1,O prazo de entrega do meu produto era dia 19/12 e até agora ele consta apenas como encaminhado para Brasilia.,negative,109,baby,DF
4,Não sei se voltaria a comprar nesta loja face a demora pra entregar...,positive,70,pet_shop,RJ
2,"Não consigo montar, os parafusos são frouxos",negative,44,cool_stuff,CE
5,ÓTIMO VENDEDOR!!! RECOMENDO!!!,positive,30,auto,SP
4,Parabéns pelo prazo.,positive,20,watches_gifts,AP
5,"fiquei com medo de comprar 
 por n ser entregue pelas lannister..mas eu queria muito o produto...mas superou minhas expectativas entregou antes do prazo bem embalado produto lindo..loja aprovada",positive,195,cool_stuff,SP
5,Cadeira chegou em perfeito estado. Muito boa!,positive,45,office_furniture,RJ
1,NÃO RECOMENDO Vendem um produto sem ter em estoque e só avisam depois que a NF foi emitida e simplesmente mandam o cliente se virar para cancelar junto ao stark!!,negative,162,home_appliances,SP
5,"Chegou antes do prazo, amei...",positive,30,perfumery,BA
1,"produto falso me venderam um produto falso. Logo após a primeira formatação nele ele parou de funcionar, contactei a assistência da Sandisk relatando o problema e me enviaram um email dizendo que o produto é falso.",negative,214,computers_accessories,SP
4,Agradeço por ter recibo antes do prazo.,positive,39,toys,PE
5,Entrega no prazo excelente recomendo,positive,36,perfumery,SP
4,bom produto e chegou rapido,positive,27,sports_leisure,SP
5,Satisfeito Compra rápida e fácil.,positive,33,housewares,SP
1,Como faço pra conferir aonde está meu produto?,negative,46,watches_gifts,MG
4,"produto bom, chegou no prazo",positive,28,bed_bath_table,ES
4,Recomendo O produto chegou até antes do prazo dado. Muito bom!,positive,62,health_beauty,AM
1,"Não recebi o produto, não tive resposta. Nem.chegou a ser gerada a nfe. Loja nem existe!",negative,88,sports_leisure,SC
3,"O produto enviado eh  O produto enviado não condiz com a descrição.
No nome do produto informa que eh porta shampoo rádio relógio, logo entende- se que possui o recurso ( radio e relogio) e não verdade eh um adesivo",neutral,216,housewares,SP
5,Um produto de excelente qualidade.,positive,34,garden_tools,SP
1,"Embora seja problema dos correios a empresa nao deveria dar um prazo de entrega, apenas se utilizasse transportadora própria. Comprei 4 unidades e só chegou 1",negative,158,furniture_decor,RJ
1,"Comprei dia 01/11, data prevista para entrega 22/11, hoje 25/11 não recebi o produto ainda e nenhuma satisfação! Lamentável, não compro mais e muito menos indico. Esse não é o padrão da lannister 👎?",negative,198,watches_gifts,RJ
5,"O produto veio bem embalado, ainda não testei espero que funcione bem.",positive,70,computers_accessories,SP
5,Superou as expectativas! Produto maravilhoso! Muito além do q esperava e chegou antes do prazo! Uma riqueza de detalhes espetacular! Fiquei muito satisfeito com a seriedade das loja!,positive,182,watches_gifts,PR
5,"Entrega no prazo, todos os produtos lacrados! Excelente como eu esperava!",positive,73,telephony,PR
1,"ESTA FALTANDO O JOGO DA ROUPA DE CAMA POIS SO RECEBIAS DUAS FRONHAS AVULSAS, ONDE ESTA O RESTANTE DOE MINHA COMPRA?",negative,115,bed_bath_table,RJ
3,"Lindo porém frágil. O pendente é lindo, vermelho super brilhante igual na foto mesmo, porém o alumínio é muito fino e frágil, se tivesse visto o material antes provavelmente não teria optado por ele",neutral,198,garden_tools,RS
1,comprei 5 so recebi 3 e empresa nao mi da respostas,negative,51,computers_accessories,CE
3,"Mesmo recomendando, o produto demorou muito a chegar.",neutral,53,computers_accessories,PE
5,"Ótimo loja para compras Muito boa loja para comprar produtos de qualidade e com prazo certo de entrega. 
Muito obrigado targaryen e a loja lannister.",positive,150,electronics,SP
1,targaryen não entregou os produtos completos. No dois itens comprados veio faltando unidades.,negative,93,home_construction,GO
1,Não recebi a grelha comprada. Gostaria de saber o que está ocorrendo.,negative,69,housewares,ES
4,"O produto foi entregue em embalagens protegida, porém apresentou pequenos arranhões",positive,83,telephony,MG
5,"Prezados,

Recebi o produto comprado em perfeito estado e dentro do prazo; recomendo esta empresa.

Att,


George Carvalho",positive,129,home_confort,RJ
1,Recebi somente 1 unidade fiz a compra de duas. Cade a outra unidade,negative,67,sports_leisure,RS
1,Não deu dois dias a pelicula solto. Qualidade muito ruim,negative,56,telephony,SP
5,Perfeita Otimo trabalho super recomendo,positive,39,auto,MG
5,"Só não posso dizer se recebi o produto correto, porque é presente de natal para uma criança, que será aberto somente na ocasião.",positive,128,toys,RJ
3,"Comprei duas cadeiras com o pé cromado, porém vieram 2 com os pés de plásticos..",neutral,80,office_furniture,SP
5,"Super Recomendo,atendimento maravilhoso,entrega rápidae no prazo..Ameiii",positive,72,watches_gifts,PI
4,Depois achei mais barato em outro site,positive,38,bed_bath_table,SP
4,"Ainda ñ tenho opinião sobre o produto, mas o serviço de venda / entrega foi excelente! 
Apenas podia ter opção de correio mais acessível, custou 1/3 do valor do produto. 
Obrigada!",positive,182,fashion_bags_accessories,SP
1,"produto entrega na data, mas veio errado, aguardando a solução",negative,62,telephony,SP
3,recebi uma capinha menor q meu aparelho,neutral,39,telephony,MG
2,A entrega está atrasada e sem previsão de quando vai chegar,negative,59,housewares,MG
4,"Gostei muito do produto era exatamente boque eu esperava, entrega dentro do prazo, parabéns recomendo a loja",positive,108,toys,RS
5,"recomendo Muito bom a entrega e estava dentro do prazo. Alias foi entregue antes, sem nenhum defeito.",positive,101,office_furniture,GO
3,Não recebi o produto,neutral,20,bed_bath_table,GO
4,"Bom dia!
O produto chegou corretamente, mas poderia ter vindo com embalagem de presente.",positive,89,toys,ES
5,"recomendo, muito bom!",positive,21,auto,MS
5,Lindo! A corrente com o pingente Ponto de Luz é muito linda! Adorei,positive,67,fashion_bags_accessories,RS
5,Com certeza voltarei a comprar nesta loja,positive,41,stationery,MG
1,"Problema com a entrega O produto não foi entregue. 

Em 19/04 os Correios informaram que houve um imprevisto na entrega.

Solicitei o estorno da compra e estou aguardando as devidas providências.",negative,199,sports_leisure,RJ
5,Chegou antes da data prevista,positive,29,furniture_bedroom,RJ
3,"O relógio chegou sem funcionar, e não é original Oakley.",neutral,56,,SP
5,Demorou de mais recebe com um meis coisa que a pra presente ninguém merece receber depois,positive,89,,GO
1,"Não recomendo, entrega era dia 19/01 e até o momento nada ainda e nem resposta.",negative,79,toys,SP
2,Eu recebi só um produto e eu pedi 4,negative,35,food,SP
1,NÃO RECEBI O PRODUTO,negative,20,housewares,ES
1,Horrível  Muito ruim!! Embalaram ele dobrado e por isso quando enche ele é difícil desamassar!! Péssimo... Estou insatisfeito com o produto... Desapontado.,negative,155,sports_leisure,SP
5,Entrega muito rápida,positive,20,watches_gifts,SP
3,"O produto chegou no prazo, mas estou na dúvida do produto pois não veio nenhum logotipo da Sony",neutral,95,consoles_games,SP
1,"Não recebi, estava com previsão para 02/04, solicito a devolução do dinheiro.",negative,77,fixed_telephony,SP
1,"Recebi só parte de minha compra, pois comprei duas araras e só recebi uma. Sou cliente há mais de vinte anos e é a primeira vez que isto acontece.",negative,146,furniture_decor,MG
4,"recomendo estou esperando meu produto, depois faço a avaliaçao",positive,62,furniture_decor,RS
1,nao recebi este produto serviço ruim,negative,36,sports_leisure,MG
5,"Produto de qualidade, tal como nas fotos, somente o soquete na ficha técnica está descrito como E14 e o que foi entregue e E27.",positive,127,furniture_decor,PR
1,"A entrega não está completa, Falta um pneu, por enquanto a avaliação é esta",negative,75,auto,SP
4,"Porem enviei um email para vcs contestando a forma de pagamento, pois comprei tudo em 10x e 2 dos 3 produtos vieram com pagamento de 3x . Só fiz uma autorização de pagamento. Gostaria de uma resposta.",positive,200,telephony,RJ
5,"Produto veio rapido , porem percebi que há alguns parafusos da peça enferrujados",positive,80,garden_tools,SP
5,"Recebi o produto correto e dentro do prazo indicado. Estou satisfeita com o serviço prestado desde o inicio que foi a escolha, ate a entrega.",positive,141,baby,PR
5,Comprei num dia e chegou no outro. Nao podia ser melhor.,positive,56,electronics,SP
1,Não recomendo essa transportadora targaryen eles falaram que vieram entregar aqui em casa um dia após eu ter feito a compra e não vinheram eu mesma tive que retirar no correio no fim do mundo AFF,negative,195,housewares,SP
4,Chegou antes do prazo,positive,21,office_furniture,SP
5,Parabéns chegou antes do prazo,positive,30,electronics,MG
5,Chegou rápido o produto vale a pena.,positive,36,cool_stuff,SP
5,"Entregou com bastante ant Rapidez na entrega , é um produto de ótima qualidade!",positive,79,sports_leisure,PA
1,"O produto veio fora do prazo, é só recebi porque solicitei o cancelamento.

Lamentável.",negative,89,audio,SP
1,"entregaram apenas o porta temperos os copos nao recebi,que chato estou tendo sempre problemas na compra com a lannister....",negative,123,housewares,MG
1,Minha avaliação é zero. Estamos desde o Natal aguardando q o nosso alto investimento feito com muito esforço traga a devida alegria a uma criança altamente merecedora.,negative,167,toys,MG
3,Comprei 2 unidades e recebi apenas 1 unidade!!,neutral,46,bed_bath_table,RS
5,"recomendo produto chegou antes do prazo previsto, era o que esperava",positive,68,health_beauty,PR
3,Houve um atraso na entrega......deveria ter recebido ate o dia 13/11/2017 e recebi no dia 18/11/2017,neutral,100,small_appliances,PR
1,NÃO RECEBI O PEDIDO NO PRAZO E AINDA NEM RECEBI O PRODUTO UM DIA APÓS O PRAZO MÁXIMO.,negative,85,,SP
1,"Produto com defeito, solicitei a devolução do mesmo.",negative,52,computers_accessories,MG
5,O produto demorou muito pra chegar.,positive,35,housewares,PR
5,Produto de qualidade e entrega num tempo hábil!!,positive,48,bed_bath_table,SP
4,"Na decisão do produto,diz que pode colocar em ar condicionado de até 12,000 BTU,mas não é verdade,por que ele tem pluges de 10 amperes, que não é indicado pra ar condicionado,deveria ser de 20 amperes",positive,200,computers_accessories,RJ
5,"Postagem fornecedor bem r[apido, entrega pelo correio demorou, não foi culpa do fornecedor..",positive,92,garden_tools,MG
5,recebi bem antes do prazo em 3 dias. Ameeei!,positive,44,kitchen_dining_laundry_garden_furniture,SC
5,"Ótimo, entregou muito antes do prazo, está de parabéns",positive,54,auto,RJ
5,Muito bom Produto perfeito,positive,26,perfumery,MG
2,Comprei dois produtos e recebi apenas um.,negative,41,,SP
5,Excelente loja . Sou cliente antiga . Nada tenho a reclamar. Nota 10 para baratheon.,positive,84,bed_bath_table,PA
3,"Fiz o pedido de dois HUB USB 10 PORTAS, no entanto só recebi um, e na fatura mostram dois e no pedido também.",neutral,109,computers_accessories,MA
5,"O pedido chegou antes do previsto, tudo entregue corretamente.",positive,62,baby,MG
3,"Recebi parte do pedido, comprei 6 cartuchos, mas recebi somente 5. Já enviei uma mensagem. Por favor, poderiam verificar onde foi parar o outro cartucho? Obrigada",neutral,162,computers_accessories,SP
3,Comprei o produto acreditando ser um tapete mas é um banner de lona.,neutral,68,toys,MG
1,"Meu produto era para ter sido entregue dia 13.04.18
Não entregaram, não deram motivo.Quero meu valor pago de volta e não consigo. Vou levar ao Procon",negative,150,furniture_decor,PA
5,Satisfeito com o produto. Entrega no prazo.,positive,43,office_furniture,GO
5,"realmente ainda não entregou num todo , porém o primeiro bem antes do combinado espero o segundo também seja da mesma forma aí sim será com excelência .",positive,152,auto,RJ
2,Produto de aparência boa porém qualidade baixa não é forrada e o prendedor da alça é de plástico,negative,96,cool_stuff,SP
4,"Completou um mês que efetuei essa compra, cuja nota fiscal veio incorreta, com o valor bem abaixo do que paguei, prometeram correção e até agora não houve nem sequer um contato da targaryen.",positive,190,sports_leisure,SP
5,Secante maravilhoso de esmalte ! Super recomendo,positive,48,perfumery,SP
2,Comprei achando que o cartucho era original da Canon. Veio cartucho recarregável e não original. O anúncio deveria ser mais claro.,negative,130,computers_accessories,DF
5,Torneira muito bonita de acordo com minhas expectativas. Vale a pena.,positive,69,construction_tools_construction,SP
5,"Entrega feita corretamente , o produto veio conforme anunciado , já comprei varias vezes no baratheon , estão de parabéns...",positive,124,bed_bath_table,MG
5,sempre compro pela loja lannister . sempre chega antes .,positive,56,toys,MG
5,Muito bom o produto. Recomendo.,positive,31,toys,MG
5,Muito rapido Excelente!!!,positive,25,health_beauty,RJ
5,Entregue antes do prazo. Linda peça em ferro. Compra tranquila e entregue antes do prazo.,positive,89,furniture_decor,SP
5,Ótimo produto superou as expectativas.,positive,38,baby,MG
1,"Quero devolver o produto e não consigo. No site diz que a pulseira possui pederneira, mas não tem. Sem dizer que comprei 5 e chegou apenas 1.",negative,141,sports_leisure,RS
5,Ok Dentro do prazo. Ok,positive,22,computers_accessories,SP
5,Fiquei satisfeita com a compra e com a rapidez da entrega. Obrigada,positive,67,toys,SP
1,"Não posso dar minha opinião, já que não recebi o produto ainda.",negative,63,pet_shop,SP
5,Recebi o produto bem embalado e no prazo. Muito obrigada,positive,56,,SP
1,Pedi duas unidades do produto e recebi somente uma. Alem disso recebi outro produto que nao comprei. Tento mandar mensagem e ninguem responde,negative,141,housewares,SP
4,Tenho algumas dúvidas  Pois essa compra chegou no tempo certo. Mas existe uma bem mais velha que ainda não chegou. Por isso ainda não posso avaliar muito bem.,positive,158,garden_tools,BA
2,"Fiz duas compras uma chegou e a outra estou com problema na entrega, não consigo contato por e-mail ou por telefone para reclamar.",negative,130,office_furniture,SP
5,Entrega pedido Pedido entregue antes do prazo. Tudo certo!,positive,58,computers_accessories,MG
5,"Super recomendo Entrega foi efetuada antes do prazo, a meu pedido. Adorei, pois eu tinha viagem marcada e queria levar o presenter. Deu certo.",positive,142,furniture_decor,SP
4,"Prazo de entrega e cor diferente da que eu escolhi, mas como gostei nao reclamei.",positive,81,luggage_accessories,RJ
5,"bom produto, entrega antes do previsto, embalagem ok.",positive,53,,SP
5,"Chegou antes do prazo Chegou antes do prazo, porém percebi q o zíper da parte menor na primeira vez ele nao abriu o feixe, mas da segunda em diante abriu, caso o feixe abra novamente entro em contato com a loja.",positive,211,auto,SP
5,RECOMENDO A TODOS O PRODUTO DE BOA QUALIDADE E CHEGOU ANTES DO PRAZO.,positive,69,telephony,ES
4,"Gostei, muito prática, leve, só falta avaliar a duração da carga da bateria.",positive,76,sports_leisure,MG
2,"Embora eu ter recebido o produto em dias, mas o meu produto veio com avaria o produto foi uma película de um smartphone da Asus zenfone 3 zoom a película veio trincada...",negative,170,telephony,PE
3,Recebi todos os outros pendentes que comprei ...esta faltando o branco,neutral,70,garden_tools,BA
1,"Não recebi o produto comprado desde o dia 26/12/17. Não tive nenhuma resposta da loja dando satisfação sobre a compra.
Solicito o reembolso da compra.",negative,151,perfumery,SP
5,Amei o produto e chegou bem antes do prazo.,positive,43,garden_tools,SP
1,Entrega incompleta Só recebi um relógio ontem. A empresa não me enviou qualquer informação sobre entrega separada dos itens e prazo para entrega do outro relógio. Enviei email informando e ainda não obtive retorno.,negative,214,watches_gifts,MG
1,foi entregue so q nao esta funcionando,negative,38,health_beauty,GO
5,Não chegou minha colcha,positive,23,furniture_decor,MG
5,Boa empresa Excelente empresa,positive,29,bed_bath_table,SP
1,"nao recomendo o produto não correspondeu as minhas expectativas, comprei um esteto e recebi só o estojo.",negative,104,health_beauty,SP
1,Estou aguardando o correios e nada do produto queria dar para minha sobrinha no natal pois foi o que ela pediu de presente para o papai noel.,negative,141,toys,RJ
5,produto ótimo recomendo muito bom,positive,33,sports_leisure,SC
1,"Ainda não recebi o produto, apesar de constar no site como entregue.",negative,68,housewares,RJ
1,"Não gostei dos travesseiros! Achei que fossem bons, não gostei mesmo!",negative,69,bed_bath_table,MG
3,Eu fui receber mas tinha apenas um produto entrei em contato com a loja e eles me informaram que ainda vão entregar os que faltam então por isso considero que ainda não recebi o produto,neutral,185,furniture_decor,PA
4,Mt bom o atendimento,positive,20,health_beauty,GO
1,Esta faltando parte do pedido!!!!! Veio o navalhete mas não chegou as tesouras!!!!,negative,82,health_beauty,RS
5,eu recomendo essa loja por ter pessoas de altismo comprometimento com os cliente e com produto de qualidade.,positive,108,fashion_shoes,MT
3,A maleta veio com arranhões,neutral,27,perfumery,RJ
5,"Recomendo Bom atendimento, entrega antes do prazo.",positive,50,housewares,SC
1,Ainda não recebi meu produto,negative,28,health_beauty,SP
5,"nota 10 para a loja, produto e para a entrega...",positive,48,cool_stuff,SP
1,"muito boa Recebi o produto,porém o tamanho não foi o adequado.",negative,62,pet_shop,MG
3,Quero o estorno  Não recebi o produto correto,neutral,45,pet_shop,SP
1,Comprei um recibie outro,negative,24,watches_gifts,MG
4,Recebimento antes do prazo,positive,26,computers_accessories,SP
1,"Defeito O produto chegou bem antes do prazo, mas com defeito, veio quebrado o lugar de fazer o encaixar. Muito bonitinha, mas frágil. Tentei realizar a troca pelo site e não consegui.",negative,183,pet_shop,MG
5,Tudo ok com a compra. Chegou antes do prazo.,positive,44,computers_accessories,RJ
2,Não gostei muito da qualidade do produto.,negative,41,bed_bath_table,RJ
5,"Pontualidade Gostei da pontualidade com a entrega, que foi realizadas bem antes do prazo. Recomendo a loja.",positive,107,sports_leisure,SP
1,"NUNCA RECOMENDARIA Péssimo serviço nunca mais o site do shopptime, segunda compra que realizo e a segunda que da erro!!!!",negative,121,watches_gifts,SP
1,"Faz maisde 1 mes que fiz o pedido, paguei no boleto e nao recebi o produto. Nao comprem.",negative,88,furniture_decor,SP
5,"Entregue corretamente, amei a encomenda.",positive,40,furniture_decor,PE
5,A loja entregou o produto antes do prazo combinado. Fiquei muito satisfeito com o produto,positive,89,telephony,SP
1,"Não recebi o produto corretamente, foi enviado outro modelo. Não consigo contato com o baratheon e somente contato por e-mail com o parceiro baratheon. Estou no aguardo da resposta.",negative,181,computers_accessories,ES
1,não recebi a mercadoria ainda.,negative,30,sports_leisure,RS
3,"Em relação à entrega e à loja, tudo certo. Só achei o dispenser muito frágil e pouco prático uma vez que é preciso bombear muitas vezes para que saia a quantidade adequada de pasta de dente.",neutral,190,health_beauty,GO
5,para e a melhor de todas .,positive,26,bed_bath_table,RJ
4,"Só não gostei do prazo para entrega, já ate precisei de outro produto, não comprei por causa disso.",positive,99,housewares,DF
4,Super Recomendo Super recomendo,positive,31,sports_leisure,MG
1,"Demorou 1 semana para gerar a nota , e no final nao foi entregue no prazo e ainda estou sem o produto",negative,101,health_beauty,SP
5,O produto chegou em perfeito estado e no prazo correto,positive,54,housewares,SP
1,"Péssimo  Meu produto está errado. A nota fiscal e prodito está na nome de outra pessoa. 
Eu não estou conseguindo entrar em contato pra pedir o meu produto certo",negative,162,baby,PR
5,"Entrega muita rápida, muito antes do prazo, show!!! Produtos em perfeito estado!",positive,80,toys,RJ
4,Sempre comprei no site. Excelente. O unico problema foi que não entregaram dentro do prazo. Mas no geral todos os produtos são de excelente qualidade.,positive,150,fashion_bags_accessories,RJ
1,Quero saber se foi cancelada só isso!,negative,37,electronics,RO
1,"Já paguei faz tempo, estou precisando é ainda não recebi os produtos",negative,68,health_beauty,RJ
1,"Estou aguardando a entrega, até agora nada, e já passou do prazo.. O mesmo consta que está parado no correio.. Infelizmente...",negative,126,furniture_decor,SC
1,"Gostei de comprar nas lannister, envio rápido e sem problemas",negative,61,electronics,MG
5,parece ser bom mais eu aina nao testei,positive,38,computers_accessories,ES
5,"Super top  Produtos lindos super da hora, chegaram em menos de 5 dias da data da compra e a previsão eram quase 30 dias , qualidade super boa , super indico",positive,156,watches_gifts,RJ
4,"Ótimo Tudo certo, produto e entrega, excelente.",positive,47,housewares,RS
5,"Maravilhosa a qualidade Muito boa a cadeira, ótima qualidade,e clara a explicação pra montagem.",positive,95,health_beauty,SP
4,Recebi e recomendo o produto.,positive,29,electronics,RJ
1,lannister é o pior site de compras na internet muito enrolado as entregas,negative,73,computers_accessories,MG
5,"Meu pedido foi entregue antes do prazo,excelente produto.",positive,57,computers_accessories,SP
4,Faltou a ventosa e resistência.,positive,31,auto,RS
1,"comprei 5 kg de bicarbonato, mas foram entregues somente 3 pacotes de 1kg.",negative,74,health_beauty,RS
5,Tanto o produto quanto o atendimento é de qualidade.,positive,52,fashion_bags_accessories,MG
5,chegou no prazo e com qualidade,positive,31,bed_bath_table,SP
2,"O único problema foi que comprei 3 pote de banho de verniz de 1kg),e só recebi 1 pote de 1kg.",negative,93,health_beauty,RJ
5,Adorei combinou com minha sala.,positive,31,furniture_living_room,SP
1,"NÃO RECEBI MEU PRODUTO  Não entraram em contato comigo até o momento, só foi emitida a nota fiscal e mais nada. O prazo já passou. E até agora nada.",negative,148,bed_bath_table,SP
1,"Eu recebi o produto sem o Pistão da cadeira, abri uma solicitação de devolução e foi cancelada pelo vendedor loja, sem nenhum motivo e vou ficar no prejuízo pois não fui atendido.",negative,179,office_furniture,SP
1,Esse parceiro e muito lerdo se eu não fisesse reclamação td dia o produto não tinha chegado a tempo para o dia das crianças,negative,123,cool_stuff,RJ
3,"muito bom entrega no praz, produto entregue com sucesso",neutral,55,computers_accessories,PR
5,Loja excelente. Cumpre o prazo.,positive,31,garden_tools,SP
3,"Chegou , mas não vai dar certo na minha casa , vou trocar",neutral,57,furniture_decor,PR
5,Chegou bem rapido.gostei muito dessa capinha é bem transparente e não oculta a beleza do celular.baratheon de parabens como sempre.,positive,131,telephony,SP
1,Estou muito chateada pois aguardei e até agora nada.,negative,52,books_general_interest,RJ
4,Muito boa compra em todos sentidos.,positive,35,sports_leisure,MG
2,Não veio oprotetor de escapamento!!,negative,35,auto,SP
5,"Entrega super rápida, produto é bom totalmente satisfeito...recomendo....",positive,73,auto,ES
1,"Eles não entrega 
Péssima loja 
Não recomendo 
Quero meu dinheiro de volta",negative,77,,SP
5,"Sempre recomendo Sempre recomendo as Lojas lannister , Pontualidade e respeito com os clientes.",positive,95,baby,SP
2,"Bom produto com um bom preço, mas demorou pra postar a mercadoria nos correios (+10 dias), vencendo assim o prazo de entregra, que era para o dia 21/12. Deve levar mais mais 7 dias pra chegar ainda...",negative,200,furniture_decor,BA
5,Tudo correu bem com o pedido!,positive,29,furniture_decor,SP
2,"O cor e estampa não é igual que a foto,mas ...gostei..",negative,54,bed_bath_table,SP
5,Nota 10 Tudo dentro do combinado,positive,32,computers_accessories,CE
4,"A entrega ocorreu no prazo, apesar do susto que o correio pregou informando que a encomenda não havia chegado no centro de distribuição durante o rastreio.",positive,155,bed_bath_table,BA
5,recomendo bom protudo,positive,21,sports_leisure,SE
1,"Como o produto veio fora da caixinha, soltos no envelope, enviei as informações do lote e as fotos para a Amazon, onde fui informado que o lote não existia e que o produto provavelmente é falso",negative,193,sports_leisure,SP
1,"não receci todas as peças compradas, somente metade das peças compradas",negative,71,cool_stuff,RJ
5,Recomendo Entrega no prazo combinado.,positive,37,pet_shop,SP
3,Não veio com garantia e na discrição falava que vinha com 12 meses,neutral,66,watches_gifts,SP
4,Tudo foi como divulgado.,positive,24,toys,PE
5,Antes do prazo Está de parabéns chegou antes do prazo .,positive,55,health_beauty,MA
5,chegou dentro do prazo. Produto chegou de acordo com minha expectativa.,positive,71,furniture_decor,RJ
5,Muito bom  Chegou antes do prazo da entrega amei,positive,48,housewares,PE
1,"Demora Já faz algum tempo que a compra ocorreu e ainda não recebi a mercadoria, trata-se de um descaso com o cliente, já havia realizado outras compras pela stark, mas essa atitude inviabiliza novas aqui",negative,203,computers_accessories,SP
1,"o único produto que chegou nesse pedido foi a ""Bola Medicine Slam Ball Para Crossfit 10 Kg Liveup Ls3004-10"".
como será resolvido a questão dos outros materias?",negative,161,sports_leisure,MA
5,"Muito bonita,material resistente,acetinado,coube perfeitamente na minha janela,amei!",positive,84,bed_bath_table,MG
5,Muito bom  Entregou antes do prazo recomendado,positive,46,telephony,SP
5,"PRODUTO ENTREGUE ANTES DO PRAZO..
TUDO PERFEITO, É PEQUENA MAS PARA O QUE QUERO ESTÁ ÓTIMO...",positive,94,garden_tools,SC
1,Zero  Tem mais de um mês que fiz a compra mas não recebi. Quero a devolução do dinheiro,negative,87,housewares,RS
3,"Recomendo os produtos comparados form entregues antes do prazo.
Mas o valor do frete esta muito alto.",neutral,102,bed_bath_table,RJ
4,Na foto apareceu um modelo e veio outro da mesma personagem.,positive,60,watches_gifts,SP
2,Comprei dia 19/08/18 com previsão de chegada dia 24/08/18. Até à data presente ( 01/09/18 ) não recebi o produto.,negative,113,sports_leisure,RJ
5,"Parabéns pela pontualidade....Estou satisfeita com o produto.
Obrigada!!!",positive,74,garden_tools,SP
3,Atrasou na entrega de um item mas foi resolvido muito rapido,neutral,60,kitchen_dining_laundry_garden_furniture,SP
5,"Muito bom!  Relógio muito bom, mais bonito pessoalmente!",positive,56,stationery,MG
1,Já passou o prazo de entrega e nada de produto.,negative,47,stationery,SP
5,Vcs sao 10 Parabens..,positive,21,watches_gifts,SP
4,"Produto entregue corretamente, embrulhado em plástico bolha dentro de uma caixa de papelão.",positive,91,watches_gifts,MG
5,O tapete é ótimo! Grosso e macio. Melhor do que eu imaginei.,positive,60,sports_leisure,ES
4,Muito bom Ótimo custo benefício,positive,31,housewares,SC
5,"Entrega rapida mesmo para interior, produto correto e de qualidade. Recomendo",positive,77,toys,RS
1,Ainda não recebi este item,negative,26,computers_accessories,SP
1,Entrega errada Comprei o jogo com 3 peças e me mandaram com 2 está errado to tentando entrar em contato com a lannister mais eles não respondem meus e-mail quero que seja feita a troca e não quero vale comprar,negative,209,bed_bath_table,SP
1,Eu solicitei devolução,negative,22,toys,RJ
2,Não recomendado  Alojas lannister mantem parceiros que não agem como ela pois comprei 04 colchas de casal chenille e a empresa parceira só me encaminhou uma e nem o codigo de rastreamento das demais foi encaminhado .,negative,216,bed_bath_table,SP
1,"FIZ UMA COMPRA E A ENTREGA FOI DIVIDIDA EM 3, SÓ RECEBI 1 PRODUTO ATE AGORA, ABSURDO",negative,84,computers_accessories,SP
5,Positivo Capas excelentes. Recomendo,positive,36,bed_bath_table,SP
1,so recebi um produtro foi pedido dois,negative,37,computers_accessories,PR
5,"Compro há anos e nunca tive problemas.
Eu recomendo...Pena que esse produto aumentou bastante.No mais,sem reclamações.",positive,119,sports_leisure,SC
2,Demorou muito a entrega,negative,23,bed_bath_table,RN
5,Produto de qualidade,positive,20,sports_leisure,SP
5,Parabéns produto ótimo e entrega mega rápido vcs arrasam,positive,56,baby,RJ
1,"Produto nao entregue no prazo.
Dificuldade de rastreio",negative,55,furniture_living_room,MG
5,"Nao abri ainda,pq nao vou usar agora
.",positive,39,party_supplies,RS
5,"Lindo relógio! Amei o relógio, ele só é bem pequeno, mas é lindo! E chegou bem antes do prazo. Comprarei novamente, com certeza!",positive,128,watches_gifts,RJ
4,"Produto chegou conforme descrito e antes do prazo. Cumpre o prometido.
Só achei as teclas de passar um pouco duras, faz um barulinho seco ao clicar.",positive,149,computers_accessories,SP
4,Ótima Muito boa entrega,positive,23,construction_tools_safety,SP
5,Recebi antes do prazo...o produto é de excelente qualidade!,positive,59,consoles_games,SP
3,Achei que a qualidade fosse melhor!! Mas gostei..,neutral,49,home_confort,SP
5,otima loja chegou antes do prazo,positive,32,computers_accessories,MG
1,"Não entraram em contato, apenas cancelaram o meu pedido",negative,55,bed_bath_table,SP
5,"Relógio Casio feminino Entrega dentro do prazo, tudo certinho!!",positive,63,watches_gifts,SP
3,Produto com pequenos pontos de ferrugem. Não estava em perfeito estado.,neutral,71,watches_gifts,ES
5,"Maravilhoso,amei e chegou antes do prazo !",positive,42,luggage_accessories,RJ
3,"Bom dia o problema não é a loja e sim os correios 
se vcs mandasse por transportador não teria tanto trastorno gastei o dia todo pra buscar a minha encomenda.A mercadoria já estava retornando",neutral,192,fashion_bags_accessories,ES
5,5 estrelas muito bom recebi tudo certinho do jeito que pedi,positive,59,sports_leisure,GO
4,Boa Muita praticidade e pontualidade.,positive,37,auto,SP
1,Cancelei a compra e a parcela aparece na fatura do meu cartão sendo que não recebi a mochila,negative,92,,RS
5,"Recebi o produto rapidamente, sendo que mercadoria tem uma qualidade boa.",positive,73,cool_stuff,SP
1,aguardo solucionar a entrega errada,negative,35,computers_accessories,SP
4,"Produto bom, entrega rápida e bem bonito.",positive,41,housewares,SP
5,Muito rápido a entrega!!!,positive,25,home_appliances,MS
5,Recomendo o produto chegou conforme o enunciado. Meu filho amou!,positive,64,toys,PB
1,"A loja não responde, nem consta em rastreio a o produto está com o transportador",negative,80,housewares,SP
1,Detestei a loja só me entregara m um cartucho liguei pra reclamar ai falaram q mandaram o outro separado e não me mandaram o cód de rastreio só fiquei sabendo pq liguei pra reclamar.,negative,182,computers_accessories,SP
1,SOLICITO ENTREGA DO PRODUTO NAO VOLTARIA A FAZER NEGOCIO COM ESSA EMPRESA,negative,73,computers_accessories,SP
1,"Deu um erro na entrega, ninguém ligou ou enviou email falando o motivo, e até hj não recebi o produto. Era um presente de aniversário para minha filha.",negative,151,watches_gifts,RJ
5,"Otimo Multo bom, produto conforme especificado",positive,46,computers_accessories,RJ
1,Ainda nao recebi o produto e ja se encontra atrasado,negative,52,perfumery,CE
5,"O produto chegou no prazo e foi o que comprei, excelente compra",positive,63,fashion_bags_accessories,CE
5,"Loja muito boa, produtos de qualidade, entrega no prazo, bons preços. Recomendo.",positive,80,food_drink,SP
4,"O produto chegou bem antes do prazo, porém uma das cadeiras estava com a embalagem aberta e dois parafusos haviam se perdido.",positive,125,office_furniture,PR
5,"Eu super recomendo,entrega dentro d prazo,ótimo produto!",positive,56,fashion_bags_accessories,GO
4,"Atendeu minhas expectativas, bom",positive,32,auto,MG
5,obrigado pela atençao amim dispensada,positive,37,auto,BA
5,"A versatilidade e a logística são componentes da equipe do baratheon.

 Muito bom.",positive,84,housewares,GO
5,"recomendo produto chegou antes do prazo, comprei de ultima hora para presente e chegou 4 dias antes do aniversário. ótimo!!! estava preparara para atrasar o presente. presenteado adorou o produto e esta amando",positive,209,sports_leisure,SP
1,"Produto faltando Boa tarde !
Comprei tres produtos so chegou dois, por isso nao tem como eu responder que meu produto chegou. Por favor resolvam isso.",negative,151,construction_tools_construction,MG
5,Muito bom. Recomendo,positive,20,watches_gifts,DF
4,Muito bom! Entregou antes do esperado! Ótimo site!,positive,50,toys,MG
5,Fui muito brm atendida. Gostei muito.,positive,37,toys,SP
2,Não tinham o produto anunciado e entraram em contato para substituir.,negative,69,furniture_decor,SC
5,Recebi o produto bem antes do previsto,positive,38,cool_stuff,SP
5,entregue bem embalado,positive,21,perfumery,SP
1,Até o momento o produto não chegou na minha residência e a loja não entra em contato,negative,84,baby,SE
3,Perfeito Atendeu as espectativas.,neutral,33,electronics,RJ
5,bom um ótimo produto,positive,20,auto,SP
4,Ainda não recebi. Estou aguardando!,positive,35,baby,PE
1,"Comprei um Toner CF 360X HP 508X PRETO ORIGINAL de ALTO RENDIMENTO, porém me entregaram um Toner CF360A HP 508A PRETO de BAIXO RENDIMENTO, e ainda fui testar o toner e esta com defeito.",negative,185,computers_accessories,PR
3,"mas não serviu na minha impressora - HP OFFICEJET J4660 - PRECISO TROCAR ,, AGUARDO",neutral,83,computers_accessories,SP
4,Satisfatório todo o processo de compras e entrega do produto.,positive,61,sports_leisure,BA
5,Estou muito feliz com o produto.,positive,32,auto,ES
1,"Meu pedido possuía dois itens, recebi apenas 1 o de menor valor",negative,63,toys,BA
1,"Não recebi o produto Comprei o produto e depois eles informaram que não tinham no estoque, mas no site da lannister ele continuava disponível para venda. Já solicitei o cancelamento da compra, porém não obtive resposta.",negative,219,furniture_decor,RJ
1,Não recebi a totalidade da compra,negative,33,bed_bath_table,SP
4,"Item entregue conforme previsto, na data combinada.",positive,51,watches_gifts,PR
5,Nada a reclamar do produto adquirido.,positive,37,furniture_decor,RJ
5,atendeu o procurado preço e entrega,positive,35,computers_accessories,SP
5,"Lindo os carrinhos,meu filho adorou!E chegou antes do prazo!",positive,60,toys,SP
5,Produto ótimo e chegou antes do prazo. Recomendo!,positive,49,food,MG
1,"Pedido incompleto  Não recebi o pedido completo. Minha compra eram 3 pendentes e veio somente um na caixa, porém a nota fiscal veio dos três produtos.
Até agora ninguém respondeu meu email da reclamação.
Aguardo.",negative,214,furniture_decor,RS
5,Compra sem problemas. Recomendo.,positive,32,watches_gifts,ES
5,"Produto de boa qualidade, entregue antes do prazo.",positive,50,furniture_decor,RS
5,"Apesar de ter sido estipulado um prazo de entrega bem distante, foi entregue conforme bem antes.
Fiquei satisfeita....",positive,119,luggage_accessories,SP
5,Adorei a rede. Recebi antes do prazo. Excelente atendimento. Super recomendo.,positive,77,bed_bath_table,SP
2,Mas de mês q a minha compra foi aprovada e até hoje n chegou. Como pode uma coisa dessa,negative,87,garden_tools,TO
4,Demorou um pouco para chegar mais veio a mercadoria correta.,positive,60,,SC
3,"O preço foi ótimo, o prazo de entrega que é longo (mais de 1 mês para entregar). Comprei 2 cartuchos e entregaram apenas 1, reclamei e enviaram o outro ainda dentro do prazo de entrega.",neutral,185,computers_accessories,PR
5,"Mochila
Linda! Minha sobrinha amou!",positive,36,stationery,RJ
1,Péssimo não me deram nenhuma informação nem código e pior não me entregaram,negative,75,pet_shop,RJ
4,"a compra foi boa só que não mostrava o tamanho necessito de trocar a bolsa para pegar uma maior fico grato com a compreensão.
Thânia Almeida",positive,141,stationery,RN
1,"COMPREI 2, APENAS 1 FOI ENTREGUE. ESTOU NO AGUARDO.",negative,51,bed_bath_table,SP
2,"produto diferente da foto Gostei do relógio, porém a foto que esta ai não é nada igual ao que vem.
Não recomendo.",negative,114,watches_gifts,PR
1,"Esta loja, não entrega os produtos juntos. Quando são comprados mais de uma unidade, e se entra em contato com eles, fazem pouco caso da situação.",negative,146,bed_bath_table,SP
5,Recebi o pedido em menos de uma semana. Só que comprei com as medidas erradas e quero devolver o produto dentro do prazo do direito do consumidor e não estou conseguindo.,positive,170,furniture_decor,SP
5,Excelente Produto de boa qualidade e a entrega foi muito antes do prazo!,positive,72,garden_tools,MG
5,Ótimo atendimento e fácil de comprar,positive,36,cool_stuff,BA
1,"cobra frete e não entrega odiei a compra pois paguei frete e tive que retirar nos correios , tudo que comprei na lannister foi entregue na minha casa ..não compro mais..",negative,169,health_beauty,SP
5,Chegou antes do prazo informado.Isso demonstra confiança no vendedor,positive,68,bed_bath_table,MG
5,"produto bonito, chegou no prazo, recomendo",positive,42,home_construction,ES
5,APESAR DOS CONTRATEMPOS SOBRE O SITE DOS CORREIOS NÃO INFORMAR O TRAJETO DO PRODUTO... TUDO FOI CONFORME O PLANEJADO E ENTREGUE DENTRO DO PRAZO ESTABELECIDO.,positive,157,health_beauty,CE
5,"Capa para violão e violão Recebi os produtos adquiridos pelo site em perfeito estado, tanto o violão e a capa. Gostei muito!!cChegou antes do prazo estipulado. Valeu a pena!!! Recomendo...",positive,188,musical_instruments,MT
1,Não gostei da entrega está demorando muito.Essa empresa demora muito para entregar a mercadoria.,negative,96,construction_tools_construction,RJ
5,"Excelente Rápido, claro e objetivo. Produto excelente. Recomendo!",positive,65,food,PR
5,Excelente  qualidade boa,positive,24,fashion_bags_accessories,GO
5,"Entrega rápida, bem embalada. Referente o café estou testando ainda.",positive,68,food_drink,SP
5,O produto chegou muito antes do prometido. Superou as expectativas,positive,66,garden_tools,SP
1,Realizei minha compra no dia 10/10 porém só chegou 1 produto sendo que paguei por 3 unidades MOP Spray. Estou muito insatisfeita inclusive com o atendimento.,negative,157,housewares,SP
5,Valeu a pena a compra. Fica muito bonito na cama,positive,48,bed_bath_table,SP
5,O produto chegou em perfeitas condições. Gostei.,positive,48,computers_accessories,SP
3,Pensei ser maior  Achei que os potes eram maiores mais valeu valor dele legal 👍🏼,neutral,80,housewares,RJ
5,"Produtos corretos recebidos dentro do prazo, como sempre!",positive,57,computers_accessories,RJ
5,Deveria ter frete grátis,positive,24,health_beauty,SP
5,"Chegou antes prazo, tudo certo e sem defeitos",positive,45,health_beauty,MG
5,Recebi tudo perfeito super indico.,positive,34,housewares,RS
5,PRODUTO DE QUALIDADE,positive,20,computers_accessories,RJ
5,A entrega foi muito rápida.,positive,27,health_beauty,RJ
5,"Excelente  Muito rápido, chegou bem antes da data prevista, só comprarei das lannister agora.",positive,93,housewares,SP
3,"recomendo  Entregou dentro do prazo, mas o tamanho dos 
 dedos ficou restrito, e o 
 material poderia ser de maior qualidade, a parte do punho poderia também ser mais longo !!!",neutral,178,perfumery,RS
5,"Ótimo  Almofada perfeita😊
Me arrependi...de não ter comprado antes
👏👍",positive,71,cool_stuff,PR
2,"Veio sem um dos ilhós Veio sem um dos ilhós e por isso o tecido nessa parte esgarçou, espero que na troca venha perfeito.",negative,121,bed_bath_table,SP
5,"Entrega  A entrega foi bem antes que eu esperava, super recomendo o site",positive,72,stationery,SP
2,"PRODUTO COM MEDIDA INCORR Produto chegou no prazo,porem, nao veio na medida correta.
Tentei entrar em contato para troca ou devolucao e nao obtive nenhuma resposta.",negative,165,garden_tools,RJ
5,Gostei de ter sido entregue antes do prazo. Obrigada.,positive,53,books_imported,MG
3,Recebi aparelho na cor errada solicitei preto recebi bco mas tudo bem sem problema aparelho e bonito,neutral,100,fixed_telephony,RS
1,"Pedir 2 capinhas,estou pagando as duas e só veio uma.Entao não estou nada satisfeita e espero que seja reparado esse erro.",negative,122,telephony,SE
5,Apesar da maleta ser menor do que imaginei; fiquei satisfeita! Recomendo produto!,positive,81,perfumery,PA
4,"A rapidez sempre eficaz Como sempre a eficácia , da entrega não tem o que disseram .
Então estão de parabéns ...",positive,113,bed_bath_table,SP
5,Recebi o produto em perfeito estado e bem antes do prazo.,positive,57,housewares,BA
4,Sastifeito Produto chegou antes do prazo final é a qualidade conforme esperada..,positive,80,health_beauty,BA
1,"Meu pedido era para ser entregue até dia 22/03/18, até a presente data (24/03) a nota fiscal não foi emitida, solicitei várias vezes não obtive retorno, não recomendo esta Loja, nem a lannister!!!!!!",negative,199,fashion_bags_accessories,PR
5,"recomendo e produto já conhecia, é excelente",positive,44,perfumery,MG
1,No aguardo de um retorno urgente.,negative,33,furniture_decor,RS
4,"Embalagem inadequada Tudo ocorreu beleza, só que a embalagem foi inadequada, não ofereceu proteção ao item comprado , que possuiu um CD que chegou quebrado.",positive,156,auto,MG
1,ATÉ O PRESENTE MOMENTO NÃO RECEBI O PRODUTO.,negative,44,computers_accessories,RJ
3,"Não gostei, porque não tem um folheto explicando a maneira correta de usa-lo, apenas um papel mal traduzido, que me deixou confusa e aborrecida.",neutral,144,watches_gifts,CE
1,"Comprei 3 pendetentes de luminária, os produtos vieram pelos Correios mas apenas 2 um em cada caixa, mas a nota fiscal consta 3 produtos. Solicito o outro ou vou devolver.",negative,171,garden_tools,PR
1,"Comprei dois jogos de lençóis, só veio um .",negative,43,bed_bath_table,SP
1,"Pessimo vendedor, foi entregue parte do Pedido, e os que vieram são errados, comprei 60XL color veio 60XL Preto",negative,111,computers_accessories,SP
5,O produto foi entregue muito antes do esperado. Ótima agilidade.,positive,64,toys,SP
3,"Faltando  Olá boa noite, o produto veio como o encomendado porém não veio um certificado de garantia e muito menos o manual de instruções como já vi na caixa em vídeos deste modelo de relogio",neutral,191,watches_gifts,SP
1,Não entregaram o meu produto,negative,28,luggage_accessories,RJ
2,"Insatisfeita Comprei na cor amarelo, entregaram na cor rosa.",negative,60,bed_bath_table,SP
5,O produto chegou até antes da data prevista para a entrega.,positive,59,telephony,MG
3,"Produto chegou no prazo, mas com defeito. Estou pedindo troca ou reembolso.",neutral,75,telephony,SP
1,falta uma cortina e um tapete,negative,29,baby,PR
1,"Não recebi meu pedido, já tendo passado varias dias do prazo máximo estipulado, sem contar que a lannister nunca respondia minhas mensagens, então considero a empresa péssima.",negative,175,baby,MA
5,Produto entregue no prazo (apesar da greve) e produto de qualidade.,positive,67,garden_tools,PR
4,"Bom custo beneficio, cadeira boa porém veio faltando um parafuso, vieram dois a mais porem maiores , não serviram. Montagem super fácil.",positive,136,office_furniture,RO
4,"bom atendimento. Foi enviado com exito o produto, acho apenas que o fato de se pedir 2 produtos nao deveria ser cobrado dobrar o valor do frete.",positive,144,housewares,DF
5,"Produto muito bom.
Boa compressão e confortável.
Recomendo",positive,60,fashion_underwear_beach,BA
3,Faltou 1 jogo de toalha...😠,neutral,27,bed_bath_table,MG
3,Esta faltando uma das três cadeiras que comprei.,neutral,48,office_furniture,PR
1,NÃO SEI QUAL O MOTIVO DA DIFICULDADE DA ENTREGA MEUS PAIS SÃO APOSENTADOS ESTÃO SEMPRE EM CASA E ATÉ AGORA NÃO CHEGOU MINHA MERCADORIA,negative,134,sports_leisure,PE
1,"Boa noite.

Comprei 3 produtos, e recebi apenas 1, estou aguardando um retorno ref. aos demais produtos comprados.

Aguardo retorno breve.",negative,142,baby,SP
2,"bom dia....ainda não recebi o carrinho ate a data presente..
estou no aguardo",negative,78,tablets_printing_image,MG
1,Ainda nao recevi o produto.,negative,27,housewares,SP
1,"Comprei dois fones de de ouvido e só recebi um, ainda sem funcionar, estarei devolvendo na próxima segunda feira.",negative,113,telephony,BA
5,Produto está em conformidade com o esperado e dentro da qualidade,positive,65,cool_stuff,SP
1,comprei duas cadeiras porem foi entregue apenas uma,negative,51,office_furniture,SP
3,"Parcialmente entregue  Recebi sente 2 unidades do produto, e comprei 3 unidades..",neutral,81,health_beauty,SP
1,"tive um transtorno muito grande com relação a compra que fiz de 02 luminárias meia lua roxa, foi enviado somente 01 e depois de 40 dias prazo da entrega informaram que iram devolver o credito.",negative,192,baby,CE
1,Me entregaram uma mochila em vez do esterilizador !!,negative,52,auto,DF
4,Material chegou conforme especificação e antes do prazo de entrega.,positive,67,auto,PB
3,O produto escolhido foi branco. E veio na cor verde.,neutral,52,housewares,DF
1,"essa loja vendeu o produto, mas nao tinha em estoque pra entregar",negative,65,,SP
1,"Meu pedido não chegou, e eu preciso desse produto até semana que vem",negative,68,furniture_decor,MT
1,"A loja foi irresponsável, pois não emitiu a nota fiscal e nem avisou se tinha o produto ou quanto tempo iria ter, ficou apenas dizendo que estava aguardando a emissão da nota fiscal, isso levou um mês",negative,200,watches_gifts,BA
5,Multi Bom products entregue antes do Prato recomendo,positive,52,computers_accessories,SP
1,"Sempre comprei no site e fique muito satisfeito infelizmente pela primeira vez aconteceu esse imprevisto 
Espero que o problema seja resolvido em breve pois preciso da mercadoria",negative,179,health_beauty,SP
4,Veio faltando uma peça. Tampinha de fechar o local que ficam as pilhas.,positive,71,toys,RN
1,targaryen não entregou os produtos completos. No dois itens comprados veio faltando unidades.,negative,93,home_construction,GO
2,"Bom dia estou aguardando a minha encomenda não chegou eu já paguei no cartão foi parcelado em 10 vezes, agora guando chegar eu mudo a minha opinião, era pra dar de presente",negative,172,bed_bath_table,RJ
5,"Ótimo produto, entrega antes do prazo. Recomendo!",positive,49,housewares,MG
5,Ótimo serviço Recomendo,positive,23,,PE
3,3 tem problema com un cartucho o preto nao funciona,neutral,51,computers_accessories,PR
5,muito bom eu recomendo produto muito bom.,positive,41,perfumery,RJ
5,Satisfeita com produto e com a entrega. Recomendo,positive,49,sports_leisure,GO
5,"Produto perfeito de acordo com o descrito no site, boa qualidade e a entrega foi antes do prazo previsto.",positive,105,stationery,RJ
5,Adorei a agilidade para a entrega. Produto de excelente qualidade.,positive,66,sports_leisure,SP
3,"Recebido no prazo, porém a parte externa da caixa apresenta um grande amassado, como se tivesse caído de quina. Farei um serviço c/ eletricista e instalarei o relógio. Aí verei se esta tudo OK mesmo.",neutral,199,watches_gifts,DF
4,"faltou entregar 1 cortina, mandei msg ontem mesmo, o porteiro recebeu pq eu não estava em casa, a nota consta 3 cortinas mas só foram entregues 2, verificar por favor pq deve ter sobrado 1 no carro",positive,197,bed_bath_table,RJ
1,"Infelizmente não recebi o produto, comprei com antecedência para não correr o risco de não chegar no prazo mais infelizmente deu tudo errado, minha festa ficou incompleta....😢😢😢",negative,177,furniture_decor,SP
5,Tudo certo. Entregue antes do previsto. Recomendo,positive,49,audio,SP
3,"Comprei um kit para casael e um para solteiro. Apesar de tê-las comprado no mesmo carrinho, paguei dois fretes e as encomendas vieram separadas. O de solteiro não foi entregue na minha casa e retornou",neutral,200,bed_bath_table,RJ
2,O prazo de entrega acaba dia 3/1/18. Eu não comprarei no baratheon quando o prazo de entrega for muito grande.,negative,110,bed_bath_table,PE
5,"Excelente produto correto Nóta 10 tudo perfeito
Produto muito bem embalado.",positive,76,sports_leisure,SP
5,recebi antes do prazo e o produto superou minhas expectativas,positive,61,toys,MA
4,Não manda mais pelo correio o correio de Santa Catarina de Itajai e uma Bosta não entregam na residencia tem que ir buscar la....,positive,129,garden_tools,SC
5,"chegou tudo certinho e produto de qualidade 
espero que seja sempre assim",positive,74,bed_bath_table,SP
5,Entrega no prazo prometido.,positive,27,sports_leisure,MT
5,"muito bom , dez . muito rapido ,dentro do esperado .",positive,52,sports_leisure,MS
5,"FUI BEM ATENDIDA, O PRODUTO CHEGOU DENTRO DO PRAZO PREVISTO E EU RECOMENDO.",positive,75,garden_tools,RJ
2,"Recebi o produto errado, comprei o BCA MAX EM CÁPSULAS e veio BCA drink líquido, quero fazer a troca urgência",negative,109,sports_leisure,SP
5,Recomendo o produto e a loja. Parabens!,positive,39,watches_gifts,PE
5,"Entrega rápida, o que me deixou muito feliz, pois estava ansiosa para usar o meu produto",positive,88,bed_bath_table,SP
5,Entrega mais rápida do que o estipulado. Produto ok.,positive,52,fashion_bags_accessories,SP
3,"A qualidade do produto não foi o esperado , quanto o atendimento foi ótimo .",neutral,76,bed_bath_table,RO
5,"Recebi o produto em ótimas condições e dentro do prazo
Produto bonito e de qualidade, recomendo!",positive,97,furniture_living_room,SP
5,"recebi após dois dias do pagto. do boleto em casa, no site receberia perto do dia 17/01/18. É muito facil de montar, bonito e elegante. obrigada, adorei",positive,152,furniture_decor,SP
5,"Gostei muito. O erro foi dos correios,que entregou o pacote no prédio em frente ao meu.Mas deu tudo certo.Muito obrigado.",positive,121,bed_bath_table,ES
1,"Decepção! Fiz essa comora p um controle de smart tv conforme pedido, vcd encaminharam um outro controle q nao tem a opção da smart tv. Sendo assim inútil a compra!!!",negative,165,electronics,RJ
5,Excelente Recomendo chegou antes do prazo gostei muito material muito bom,positive,73,cool_stuff,MG
5,Obrigada chegou corretamente.,positive,29,cool_stuff,MG
1,Ruim  Não recebi meu pedido corretamente comprei 2kits de bexigas com 5 unidades cada kit é só recebi um kit,negative,108,party_supplies,MG
3,"Muito prático, desde a escolha do produto pelo cliente ,na pagina da loja , e ágio, a entrega do produto......",neutral,110,sports_leisure,SE
5,recomendo muito bom!,positive,20,baby,SP
4,"APESAR DE TEREM INFORMADO QUE HAVIA PROBLEMA NA ENTREGA, FOI ENTREGUE RAPIDINHO.",positive,80,home_appliances,RJ
5,super maximo recomendo linda carteira do jeito que queria,positive,57,fashion_bags_accessories,SP
1,O produto não foi entregue conforme o prazo e não consigo receber meu dinheiro de volta pela lannister.,negative,103,auto,PR
1,Péssimo parceiros de vcs,negative,24,perfumery,DF
4,"Pela foto, imaginava outra qualidade, mas é bom.",positive,48,bed_bath_table,RS
5,Boa Fiquei satisfeito,positive,21,musical_instruments,PB
5,Amei o produto é toda a atenção dada durante o processo!! Parabéns a toda equipe.,positive,81,toys,SP
5,Hoje no mercado encontramos roteador de baixa potência. E este aparelho é muito bom e potente,positive,93,computers_accessories,BA
3,"Tudo certo, produto recebido e nota fiscal enviada com o mesmo.",neutral,63,pet_shop,PR
5,Excelente compra Veio tudo certinho e a entrega foi bem antes do prazo.,positive,71,baby,MG
5,Safisfeita  Estou muito satisfeita com a rapidez na entrega e pelo preço do produto,positive,83,watches_gifts,SP
1,Relógio que comprei foi uma replica do original.,negative,48,,BA
4,Ótimo Adoro comprar nas lojas lannister,positive,39,home_construction,SP
3,Falta um dos produtos: lençol 4 peças branco. Foi entregue somente o jogo bege ponto palito.,neutral,92,bed_bath_table,SP
1,não recebi meu produto.ainda,negative,28,auto,PR
5,"Loja totalmente confiável, produto entregue antes do prazo, todo o trajeto do produto foi informado corretamente! Produto foi entregue em perfeitas condições para uso, e exatamente como solicitado!",positive,197,,MG
3,Venda perfeita e confiáve Produto bem menor do que o esperado.,neutral,62,garden_tools,ES
1,"As descrições desse relógio não diz o tamanho da caixa, aparentemente mostra ser grande, por ser masculino, mas é pequeno. Não gostei. 
Vou tentar repassar e não perder o dinheiro.",negative,181,watches_gifts,BA
5,o produto superou minha expectativa....muito lindo!!,positive,52,garden_tools,SP
3,"Entregou no prazo Não recebi o produto que comprei, veio um produto parecido",neutral,76,auto,RJ
5,"Sem problemas na execução do pedido, satisfação.",positive,48,watches_gifts,MG
5,recomendo Produto veio exatamente como o pedido e bem antes do prazo. Recomendo,positive,79,sports_leisure,PR
3,MUITO GRATA..NADA A DECLARAR..,neutral,30,bed_bath_table,SP
3,Comprei 5 heasets GE e só chegaram 4. Mandei mensagem ao vendedor via stark no dia 05/01 e até agora nenhuma posição sobre o 5º item. No aguardo de alguma posição do vendedor ou do stark...,neutral,189,computers_accessories,SP
1,Só recebi um item do pedido,negative,27,bed_bath_table,MG
4,Não recebi o celular ainda mas a capinha é o que imaginei,positive,57,telephony,SP
5,"Muito bom o atendimento na compra, entrega super rápida e ótimo produto.",positive,72,housewares,RS
5,Muito bom. Moro no Norte e sempre demora chegar as coisas por aqui. Esse foi bem Rapidão,positive,88,perfumery,PA
5,Muito bom Satisfeita,positive,20,bed_bath_table,RJ
5,Experiência ótima de realizar compra na loja lannister.,positive,55,electronics,BA
5,"super recomendo Produto lindo,adorei!!",positive,38,home_construction,SP
5,super recomendo otima compra e otimo serviço,positive,44,kitchen_dining_laundry_garden_furniture,MG
1,comprei 2 quite e so recebi 1 estou aguardando o outro,negative,54,bed_bath_table,SP
5,Muito satisfeita com a compra e com a empresa!,positive,46,toys,MG
5,Produto foi entregue dentro do prazo.,positive,37,computers_accessories,SP
5,Ótimo Ótima e segura compra.,positive,28,furniture_decor,SP
4,Até agora não recebi o produto. Ninguém me dá um retorno,positive,56,baby,RJ
4,muito bom o produto.,positive,20,bed_bath_table,SP
5,Mto satisfeito com os serviços obrigado,positive,39,cool_stuff,SP
5,No prazo e produto com boa qualidade,positive,36,telephony,DF
2,"Foi entregue somente as fronhas estou aguardando os travesseiros .
No momento ainda não posso recomendar a loja....",negative,116,bed_bath_table,SP
5,As capas são grossas e bem acabadas. De muito boa qualidade. Recomendo!,positive,71,furniture_decor,MG
1,"Estou muito chateada n foi entregue e eles não deram nem uma satisfação falta de respeito comigo.Minha filha está indo p a escola sem mochila. 
Super chateada.",negative,160,,SP
5,Produto de excelente aparência e acabamento. O desempenho será avaliado com o uso.,positive,82,auto,ES
5,chegou tudo certinho,positive,20,telephony,BA
3,Recomendo Recebi o produto errado.,neutral,34,watches_gifts,SP
5,O produto chegou no prazo e bem embalado. Eu recomendo.,positive,55,bed_bath_table,SP
5,"Produto de boa qualidade, chegou antes do previsto, bem embalado e bem identificado.",positive,84,toys,SP
5,Entregue bem antes da data,positive,26,cool_stuff,SP
1,"Realizei a compra de um Toner Original CE320A HP 128A Preto, e mesmo assim está apresentando problemas na impressão. O toner está borrando a página. Muito caro e pouca qualidade.Vou solicitar garantia",negative,200,computers_accessories,MG
1,Comprei 04 jogos de lençóis de cetim. Recebi só dois. O conjunto pérola e o Preto. Onde estão os outros???????,negative,110,bed_bath_table,RS
3,A Película de vidro veio riscada é a capa carteira a qual acompanha não parece ser de couro.,neutral,92,telephony,RN
3,"Eu fiz o pedido de dois produtos, porém só recebi uma.",neutral,54,office_furniture,BA
1,"Produto chegou antes da data marcada, mas a qualidade é ruim, impressão falhando. A impressora detetou que o cartucho já foi utilizado.",negative,135,computers_accessories,SP
1,Problema Comprei 3 unidades e recebi apenas 1.,negative,46,health_beauty,PR
2,Loja excelente mas produto com defeito! Aguardo troca!,negative,54,computers,SP
5,Solicitei o livro e chegou antes do prazo. Fiquei satisfeita com a compra.,positive,74,books_general_interest,RN
5,O produto que comprei é muito bom. A empresa demonstrou muito zelo na proteção da embalagem para ser transportada pelos correios.,positive,129,watches_gifts,RS
5,Muito bom Gostei do produto e chegou antes do prazo!,positive,52,perfumery,PA
5,"Ótimo Bem satisfeita,obrigada...",positive,32,computers_accessories,RJ
1,Estou aguardando a entrega do meu produto. O prazo já expirou e até agora não foi entregue.,negative,91,drinks,SP
5,"adorei o produto, chegou no prazo e super otimo o produto.",positive,58,furniture_decor,SP
4,DEMORA Na entrega mas recomendo,positive,31,perfumery,MG
2,Entrei em contato com empresa que entregou o produto que veio faltando 1 toner. Pois tentei contactar no dia que chegou a encomenda para Lojas lannister porém não tem canal para fazer reclamação.,negative,195,sports_leisure,RJ
1,demora na entrega (ainda nao chegou fora do prazo),negative,50,furniture_decor,RS
4,Loja pontual Superrecomendo. Ótimo atendimento e bons produtos.,positive,63,telephony,RS
5,"Ótimo, bom material, funciona o ""fast charge sem fio"" quando usamos um adaptador próprio pra isso (a parte que liga na tomada precisa ter essa função). Prático p/levar na bolsa por ser pequeno e leve.",positive,200,telephony,SP
4,Entrega rápida recomendo,positive,24,watches_gifts,SP
2,Não recebi as 8 fronhas ainda,negative,29,bed_bath_table,RS
5,"O produto foi entregue muito bem embalado e chegou bem antes do prazo .
Indico para todos.",positive,91,home_appliances,RJ
1,recebi o produto errado,negative,23,health_beauty,GO
5,"Produto corretamente embalado, chegou no prazo e atendeu totalmente as expectativas.",positive,84,computers_accessories,SP
5,"Entrega super rápida , produto exatamente como pedi , tudo lacrado e certinho.
Ótimo..",positive,87,health_beauty,PR
4,"Muito bonita a peça ,ainda não estalei",positive,38,garden_tools,SP
5,O produto é muito bom.,positive,22,computers_accessories,RJ
1,"Produto não entregue. Infelizmente, a empresa trabalha com os Correios, que nunca cumpre os prazos de entrega.",negative,110,construction_tools_construction,SP
5,"Super recomendo Gostei do produto
Chegou antes do prazo definido
Excelentes condições",positive,87,sports_leisure,SP
5,"Super recomendo Vendedor confiável, produto ok e entrega antes do prazo.",positive,72,computers_accessories,SP
1,Produto com atraso. Não por causa de greve de caminhoneiros pois comprei um outro produto igual em outra loja e já recebi.,negative,122,auto,BA
3,"Boa noite, fiz a compra de 2 pendentes e chegou somente 1 no dia 30/11. Gostaria de saber qual o cod de rastreio do pendente que está faltando. Att",neutral,147,home_construction,SP
1,Achei era mais firme..mas além de frágil... Tem pouca aderência.,negative,64,furniture_decor,MG
3,Cortina muito bonita!,neutral,21,bed_bath_table,MG
4,"Sobre o produto n é bom, pq ele n saí quando coloca a escova mesmo com o potinho cheio de pasta, tem q espremer a pasta p sair o creme dental.",positive,142,health_beauty,PE
1,COMPRA REALIZADA DIA 26/01/2018 E HOJE 26/02/2018 PRUDUTO NAO ENTREGUE,negative,70,electronics,DF
5,Super recomendo! Produto de ótima qualidade e entrega perfeita.,positive,63,housewares,PE
4,Recomendo Entrega dentro do prazo.,positive,34,bed_bath_table,MT
2,"Não recebi o produto ainda, peço ajuda.",negative,39,health_beauty,SP
5,Achamos um pouco fraco o cesto de lixo,positive,38,housewares,MS
5,SUPER RECOMENDADO MUITO BOM O SERVIÇO,positive,37,sports_leisure,SP
3,"Boa tarde, sempre gostei de comprar pelo portal lannister,mais ultimamente tenho tido problemas com a entrega. (area de risco) .por isso peço que reveja na página a opção de retirada na loja.",neutral,191,auto,RJ
5,otimi produto entrega excelente,positive,31,fashion_underwear_beach,SP
3,"Bom Bom dia, o produto que comprei, recusei-o mas até agora não me reembolsaram.",neutral,80,computers_accessories,RJ
5,"CONFORME O ANUNCIO, RECOMENDO",positive,29,perfumery,SP
1,Não recebi os produtos nem a Nota fiscal. Além de não conseguir atendimento por telefone.,negative,89,electronics,RJ
4,"Chegou rápido, mas ainda falta um produto que comprei junto(henna de outras loja). Achei o frete caro.",positive,102,bed_bath_table,RJ
2,"Quando eu fui comprar o produto,me falaram q viria em uma data,após a compra apareceu outra data.ele demorou muito pra sair do pagamento autorizado.a loja lannister de jatai está suja e mal cuidada!!",negative,199,,GO
1,"Comprei um kit de carrinho e bebê conforto, so foi entregue o carrinho, estou ha 3 dias entrando em contato por e-mail com a lojas lannister e a targaryen, até agora nem um email sequer de retorno.",negative,197,baby,PA
4,"Super recomendado igual o anúncio acabamento perfeito,ADOREI",positive,60,furniture_decor,MG
1,vou devolver o produto O produto não é como pensei que fosse.,negative,61,bed_bath_table,SP
4,"Ainda estou esperando , recebi um produto comprei 4",positive,51,telephony,RS
5,"O produto chegou 8 dias após a compra, em perfeito estado. 
Recomendo está loja. 
Nota 10",positive,91,toys,SP
1,Não recebi os dois produt Recebi apenas 1 perfume (perfume H2O). O perfume Ototemo NÃO recebi ainda. Estou preocupada pois no pedido consta que recebi dois perfumes!!!,negative,167,perfumery,SP
1,"Pedido prometido para 22/12, ainda não recebido.",negative,48,small_appliances,RS
5,Estou super satisfeita com a minha compra!,positive,42,pet_shop,SP
4,"Entrega Rápida Produto de ótima qualidade e fácil instalação, entrega super rápida, tudo certinho.",positive,98,construction_tools_lights,SP
5,"Produto como na foto, descrito no anúncio, de boa qualidade e entrega super rápida...Recomendo.",positive,95,cool_stuff,PA
5,"a compra foi bem tranquila o produto chegou antes do prazo 
as tesouras são otimas super recomendo 
estou bem feliz obrigada",positive,126,health_beauty,PR
1,"material muito fragil,achei que o produto era melhor",negative,52,office_furniture,SP
1,"Faltou peças do equipamento, estou aguardando retorno no portal, sempre comprei com o stark e nunca tive problemas, na primeira vez que me direcionam para outra loja acontece isso.",negative,180,computers_accessories,SC
5,"gostei muito,totalmente agil e confiavél,recomendo á todos!",positive,59,auto,SP
4,A entrega foi realizada antes do prazo. Não gostei muito da qualidade do produto porém atendeu minhas necessidades...,positive,117,bed_bath_table,SP
5,"realmente ainda não entregou num todo , porém o primeiro bem antes do combinado espero o segundo também seja da mesma forma aí sim será com excelência .",positive,152,auto,RJ
5,Ótima loja e ótimo produto,positive,26,cool_stuff,SP
5,Adoro esse produto ! Recomendo sim.,positive,35,health_beauty,MG
5,"A entrega foi muito rápida, adorei ! O produto veio super bem embalado, recomendo.",positive,82,,SP
1,Já enviei um email sem resposta ao baratheon. Recebi apenas um dos produtos da compra e o q recebi veio diferente da imagem do produto vendido no site e o mesmo tb veio com defeito (manchas). Aguardo.,negative,200,bed_bath_table,SP
2,Chegou quebrada! Chegou quebrada pois a embalagem era péssima,negative,61,perfumery,PR
4,"Tirando o atraso, gostei muito do produto.",positive,42,stationery,MA
4,"bom ,recomendo recomendo,chegou no prazo certo .",positive,48,home_appliances,MG
5,"MUITO BOM ,chegou antes do prazo",positive,32,housewares,SP
5,"Muito bom, entrega rápida Produto atendeu as expectativas e a entrega foi rápida.",positive,81,housewares,SP
3,Entrega feita no limite do prazo. Sem necessidade.,neutral,50,garden_tools,RJ
5,SUPER RECOMENDO RECEBI MUITO ANTES DO PREVISTO.,positive,47,housewares,SP
4,"Recomendo. Apesar do cabo ser um pouco curto, é um ótimo produto. Chegou dentro do prazo estabelecido.",positive,102,housewares,MG
5,Ok Muito bom recomendo,positive,22,electronics,BA
5,"O relógio é pequeno, mas achei super charmosa a pulseira! Amei!",positive,63,watches_gifts,SP
1,Não consigo falar com a loja. Produto veio errado,negative,49,baby,MG
5,Ótima Eles cumprem o que divulgaram,positive,35,bed_bath_table,SP
4,"produto semelhante ao original, entrega rápida.",positive,47,electronics,PR
5,"super recomendada Produto em timo estado, muito legal",positive,53,computers_accessories,MA
4,"Gostei do cheiro, não e forte, serve para trabalhar o dia todo cheiroso...",positive,74,perfumery,GO
5,super agil na entraga,positive,21,health_beauty,RJ
5,Entrega antes do prazo. Muito bom!,positive,34,housewares,SP
5,Muito bom recomendo comprar nesse site,positive,38,health_beauty,SP
4,a entrega foi bem rápida,positive,24,fashion_bags_accessories,SP
5,Ótima Empresa  Correu tudo bem,positive,30,watches_gifts,PB
4,Bom produto Produto em perfeito estado,positive,38,electronics,RJ
5,Preço muito bom. Produto de qualidade. Entrega antes do prazo.,positive,62,furniture_living_room,SP
1,Até o momento eu não recebi minha entrega.,negative,42,bed_bath_table,SP
5,"Boa loja, entregou ate antes do prazo, super recomendo",positive,54,construction_tools_construction,MG
1,Produto com avarias e péssima qualidade,negative,39,toys,SP
2,Acredito que a entrega poderia ser no dia combinado,negative,51,musical_instruments,RS
5,Produto bem embalado e de ótima qualidade.,positive,42,furniture_decor,CE
4,Produto de excelente qualidade!!! Eu recomendo!!,positive,48,home_confort,MG
1,Comprei 02 lanternas e só me enviaram 01. Preciso saber como vai ficar agora?,negative,77,sports_leisure,PE
5,Chegou tudo certo antes do prazo. produto bom,positive,45,computers_accessories,CE
2,"BOA, PODE MELHORAR SÓ HOUVE UM PROBLEMA A TINTA PRETA VAZOU, MELHORAR A EMBALAGEM, COLOCAR ALGUMA COISA PARA NÃO FICAR BALANÇANDO, PERDI BASTANTE A TINTA PRETA.",negative,160,computers_accessories,SP
5,"otimo o investimento não e caro pelo beneficio,",positive,47,health_beauty,SP
4,Produto muito bom. Só o frete que é muito caro.,positive,47,garden_tools,SC
1,"Recebi ate agora só um item, e são dois...",negative,42,baby,ES
5,"Muito bom, recomendo.",positive,21,computers_accessories,SP
5,"Empresa de confiança, mais q indicado.",positive,38,furniture_decor,SP
3,quero saber o motivo de não ter sido entregue o produto - 2 pares de anjos de rede,neutral,82,costruction_tools_garden,MG
5,"Recomendo para todos.Produto original, chegou tudo conforme o combinado.",positive,72,perfumery,RJ
5,"Produto de alta qualidade entregue MUITO antes do prazo, grato!",positive,63,computers_accessories,SP
4,"Precisa melhorar a atenção ao cliente, pois os produtos que comprei vieram pela metade e não enviaram nenhum e-mail para avisar. 
Mesmo assim, agradeço ao serviço prestado!",positive,173,computers_accessories,PB
5,"Modelo lindo, vale a pena comprar.",positive,34,watches_gifts,SP
1,RECEBI MEU PRODUTO PORÉM ELE VEIO COM DEFEITO(COLOQUEI O RELÓGIO NO PULSO E ELE FICOU NO MESMO HORÁRIO QUE COLOQUEI) ESTOU INSATISFEITA .,negative,137,watches_gifts,SP
1,Ruim Comprei outras vezes e todos foram entregues desta vez não recebi e o site informa q recebi,negative,96,housewares,RJ
1,"A loja não cumpriu com o prazo de entrega informado, que seria ""até"" 08/08/2018.",negative,80,,SP
3,A garrafa de vidro ainda não chegou... mas os copos sim... vou aguardar,neutral,71,furniture_decor,RS
5,otimo produto estou gostando muito,positive,34,sports_leisure,MG
1,nao posso avaliar pois ainda nao recebi.26/12/2017,negative,50,bed_bath_table,RJ
5,Boa Fude JF jgjguvjjbujch,positive,25,bed_bath_table,RS
4,Gostei da maleta era como eu queria! fiquei feliz por vcs terem mandado certinho o que comprei.,positive,95,perfumery,SP
1,"MEU PRODUTO AINDA NÃO FOI ENTREGUE, JÁ FIZ MINHA RECLAMAÇÃO E ATÉ AGORA NÃO TIVE NENHUMA PREVISÃO DE ENTREGA. ESTOU SUPER INSATISFEITO E QUERO MEU DINHEIRO DE VOLTA. FOI DENUNCIAR AO PROCON.",negative,190,toys,PB
5,super recomendo muito bem atendildo!,positive,36,fashion_bags_accessories,MS
1,PRODUTO CHEGOU C AVARIAS Até o momento ninguém retornou minha solicitação de reembolso pois a película veio quebrada !!!,negative,120,telephony,MT
1,"o produto não foi entregue, porém está pago",negative,43,sports_leisure,RJ
5,Ótimo produto..... de qualidade..... entrega antes do prazo......... superou as expectativas...... super recomendo.,positive,115,cool_stuff,SC
5,Chegou antes da data prevista....está d parabéns...minha filha amou o presente :),positive,81,toys,RJ
3,"Um dos baldes veio com parafus quebrado, podem trocar com urgencia? obrigada.",neutral,77,housewares,SP
4,"Gostei muito do produto
Chegou antes do prazo estimado.
Agora é só usufruir dos benefícios do adquirido.",positive,106,housewares,RS
5,"Ótimo, não tive problema s com a compra, o stark sempre me informando a situação do produto por emails, dentro do prazo.",positive,120,toys,SP
5,Eu adoro comprar na lannister na loja Americana porque atendimento é bom e as coisas sempre são boas nunca tive problema com a loja americana,positive,141,garden_tools,SP
2,"o produto veio com manchas na pintura da parte de dentro e mal acabado na pintura nas bordas, como se estivesse por descascar.",negative,126,furniture_decor,SP
5,super recomendo  Produto muito bom e bonito satisfeita !!!,positive,58,furniture_decor,SP
1,"Fazem entrega em horário comercial. Nesse período, estamos trabalhando para pagar o que encomendamos",negative,100,sports_leisure,MT
5,super recomendo o produto chegou no tempo previsto o site é confiável parabéns,positive,78,construction_tools_safety,MT
5,A entrega foi rápida e o produto veio da forma correta.,positive,55,bed_bath_table,SP
5,rebotec o produto chegou antes do prazo. muito bom.,positive,51,construction_tools_construction,CE
5,"Super recomendo! O produto chegou dentro do prazo, bem embalado e sem avaria ou defeitos.",positive,89,health_beauty,PB
4,dessa vez veio rápido,positive,21,small_appliances,SP
5,"um pincel o de boca, veio com defeito",positive,37,perfumery,RJ
5,"Bom dia
Meu pedido foi duas saias até o momento recebi uma.
Já veio minha fatura onde já foi descontado.
Gostaria de saber se irei receber.",positive,142,bed_bath_table,SP
1,"Não recomendo Recebi a caixa lacrada, mas a caixa do relógio estava vazia. Procurei um site de confiança para comprar meu relógio e acabei recebendo uma caixa vazia. Isso é um absurdo.",negative,184,watches_gifts,PR
1,Péssimo o procedimento. Vergonha. Nada entregue até agora. Absurdo e descaso com cliente.,negative,89,watches_gifts,RJ
4,"bom,chegou dentro do prazo,estou satisfeito.",positive,44,toys,CE
3,"Produto bom, só achei pequeno.",neutral,30,furniture_mattress_and_upholstery,SP
5,Recomendo Chegou tudo certo e dentro do prazo.,positive,46,home_appliances,SP
1,Não foi NF O produto fala que é felpudo e com mais de 4 cm e não é oque se fala e demorou entrega,negative,97,bed_bath_table,MG
1,Não recebi até 28/04/20,negative,23,furniture_decor,RJ
1,"Chegou somente uma peça e a nota fiscal consta duas e valor de duas peças. 
Aguardo solução do problema",negative,104,bed_bath_table,SC
2,"efetuei a compra de dois (02) toner e recebi somente 01. Já comuniquei a empresa que emitiu a nota fiscal, estou aguardando a resposta.",negative,135,computers_accessories,MS
1,"Gostaria de saber o motivo do NÃO recebimento do produto, visto que fiz uma compra com 4 (quatro) produtos, sendo que três recebi e o controle NÃO.",negative,147,electronics,MA
4,"muito bom Produto de otima qualidade, parabéns.",positive,47,consoles_games,PI
5,"O produto chegou em perfeitas condições, muito bem embalado e conforme descrição do site. Além de ter chegado muito antes do prazo previsto",positive,139,,MG
4,"Bom dia
Eu comprei duas capinhas mas so recebi uma ate o momento
Peço por favor para vocês da uma olhada qual foi o problema
Muito obrigado.",positive,143,telephony,BA
3,"Produto não entregue Somente 1 dos produtos foi entregue (a corda)
Não recebi o palmar.",neutral,88,sports_leisure,RJ
5,Otimo Produto exelente ..loja competente,positive,40,health_beauty,SP
5,"Adorei os pendentes. São lindos, bem acabados, de boa qualidade. Super Recomendo!",positive,81,furniture_decor,SP
3,Sempre gostei de comprar no baratheon. Confio na seriedade dessa loja!,neutral,70,computers_accessories,ES
1,"O produto não é o que eu esperava, o som é baixo, para conexão é bem ruim, detestei esperava uma coisa e veio uma coisa muito, muito diferente do que eu esperava infelizmente não recomendo.",negative,189,cool_stuff,RJ
4,"PRODUTO CHEGOU CORRETAMENTE, ANTES DO PRAZO",positive,43,furniture_decor,SP
4,"Bom produto As toalhas realmente não são grossas, mas são gdes e bonitas. P uso diário gostei.",positive,94,bed_bath_table,SP
5,Tudo certo e chegou rapidinho,positive,29,toys,SP
5,Super recomendo excelente produto,positive,33,office_furniture,SP
5,"Recomendo, produto de otimo qualidade. Veio tudo correto; estou muito satisfeita!",positive,81,,CE
1,Ruim Recebi somente 1 unidade,negative,29,computers_accessories,SP
4,Ficou perfeito e chegou antes do prazo.,positive,39,furniture_decor,MA
1,Comprei dois kit para maquiagem chegou apenas um. Recomendo muito sempre comprei nas lannister sempre chegou certo primeira vez que não veio certo,negative,146,perfumery,PR
4,"Produto top pra quem que apaixonado por fazer drinks, recomendo o produto e a loja tbm que entregou no até antes do prazo.",positive,122,housewares,SP
1,"Fia a compra de 4 jogos de lençóis de cetim, e só recebi 2 jogos!! 
Aguardo contato. Faltaram os jogos na cor vermelha e cobre!! 
Urgência pois são para presentear um amigo em data de casamento!",negative,196,bed_bath_table,SC
4,"O travesseiro vem com uma telinha costurada e não consigo vê-lo direito, contudo percebe-se que se trata realmente do produto ofertado! O gel só da um alívio no calor se você não colocar a fronha :(",positive,198,bed_bath_table,MG
1,NÃO COMPREM COM A LOJA  Fiz o pedido em 30-04-2018 e paguei no mesmo dia o valor do produto. É até hoje 09-06-2018 (mais de um mês) não chegou o produto em minha residência. Vou ter que acionar o órgão competente.,negative,213,watches_gifts,PB
1,Não recebi o produto e até o momento não obtivemos retorno em relação a devolução da fatura e pagamento,negative,103,health_beauty,RJ
4,So precisam cobrar mais dos correios que estão demorando muito a entrega.,positive,73,sports_leisure,BA
5,Produto de ótima qualidade e elegância,positive,38,bed_bath_table,CE
2,Produto veio sujo e mal acabado,negative,31,cool_stuff,SP
4,Atendeu as minhas espectativas,positive,30,construction_tools_construction,MG
1,Não recebi e fiquei sem informação se vai ser cancelado ou vai entrega,negative,70,,PB
1,Solicitei cancelamento da compra. Prazo de entrega muito demorado,negative,65,,SP
1,Meus pedidos não foram entregues.,negative,33,bed_bath_table,RJ
3,Material bom entregue dentro do prazo,neutral,37,furniture_decor,BA
5,"Fiquei muito satisfeita, a entrega foi muito mais rápida do que eu esperava e tudo correu muito bem.",positive,100,cool_stuff,SP
5,"Chegou antes do esperado, produto correto",positive,41,sports_leisure,SP
5,Recomendo A entrega chegou no prazo.,positive,36,health_beauty,PE
5,"chegou no prazo, produto muito bem lacrado em perfeitas condições",positive,65,sports_leisure,MS
3,PDOUTO CORRESPONDE À DESCRIÇÃO,neutral,30,bed_bath_table,MG
5,entrega dentro do prazo e em perfeitas condiçoes,positive,48,sports_leisure,GO
1,"Comprei otoscópio de lâmpada de LED , e recebi de lâmpada incandescente .",negative,73,health_beauty,RS
4,Chegou dentro do prazo.,positive,23,food,MG
1,"meu produto não chegou em minha casa, me enviaram um email dizendo que havia ocorrido uma ocorrência ,mas, não me comunicaram qual e o que fazer.",negative,145,sports_leisure,RJ
2,"Achava que poderia ser um produto com uma certa qualidade melhor, mas é muito instável, não passando muita confiança para deixa o notebook .",negative,140,computers_accessories,SP
3,Foi entregue apenas parte do pedido,neutral,35,health_beauty,GO
5,"Bem embalado,e na data prevista.
Super recomendo,super confiáveis.",positive,67,bed_bath_table,SC
4,Nota 10 ...a entrega foi rápida e o produto gostei,positive,50,auto,MG
5,a cortina e linda so qui na descricao do produto estava marcada com varao e veio sem o varao,positive,92,bed_bath_table,SP
5,10  Só veio ameaçado um pouco em cima mais não vou trocar não,positive,61,costruction_tools_tools,BA
5,"O produto veio em ótimas condições e antes do prazo estipulado, porém o único mal entendido é que no anuncio ele era Branco mas, veio na cor preta.",positive,147,consoles_games,SP
1,"insatisfeita, fiz cinco compras, quatro foram entregues conforme combinado, somente deste vendedor não.",negative,103,watches_gifts,PR
1,O PRODUTO NÃO FOI ENTREGUE,negative,26,,CE
5,O prazo de entrega foi respeitado de forma surpreendente. Abs.,positive,62,furniture_decor,SP
4,Como sempre lannister entrega certinho,positive,38,auto,SP
5,Chegou bem antes do prazo e conforme o anuncio. Muito bom atendimento!,positive,70,watches_gifts,DF
5,Tudo ocorreu perfeitamente.,positive,27,small_appliances,SP
5,Produto entregue antes do prazo,positive,31,computers_accessories,MG
5,"Vale a pena O produto veio corretamente. A loja foi rápida e o produto bem embalado, protegido internamente.",positive,108,sports_leisure,SP
1,"A previsão para receber o produto era ontem 20/12, mas ainda não recebi .",negative,73,auto,SP
5,Ainda veio com papel de presente,positive,32,toys,RJ
5,"O prazo de entrega é um pouco longo, tirando isso tudo perfeito.",positive,64,furniture_living_room,SP
5,Dei de presente...está td certo c o produto,positive,43,health_beauty,MG
1,não entregaram a mercadoria completa,negative,36,auto,PE
5,Entregue antes do prazo pre-determinado. Excelente,positive,50,computers_accessories,MG
5,Super recomendo Chegou dentro do prazo. Adorei as peças!,positive,56,furniture_decor,MG
1,Produto chegou quebrado Produto chegou quebrado e não consigo realizar a troca pelo site da loja.,negative,97,arts_and_craftmanship,SP
1,Não entregou o produto e muito menos um reebolso,negative,48,fashion_bags_accessories,SP
5,Ótima empresa  Excelente loja . Produto entregue rapidamente !,positive,62,books_technical,MS
5,Recebi i procuto antes do prazo determinado...,positive,46,perfumery,SP
5,Tudo dentro do previsto.,positive,24,computers_accessories,DF
5,Entrega no prazo. Produto muito bom.,positive,36,health_beauty,SP
5,Eu gostei muito rápido,positive,22,fashion_bags_accessories,SP
5,axo que o produto é muito fragil ...... nao compraria,positive,53,housewares,SP
1,"Toalhas de banho Nao gostei do produto. As toalhas sao muito finas, nao enxugam!!! Infelizmente vou pensar se vale a pena comprar pela internet sem manusear o produto, principalmente toalhas de banho.",negative,200,bed_bath_table,SP
5,Ótimo produto. Comprei na terça e chegou na sexta ! Recomendo!,positive,62,toys,MG
4,O produto foi entregue em tempo recorde e conforme descrito no anúncio.,positive,71,watches_gifts,MG
5,"Comprei os produtos todos de ótima qualidade.
Entrega foi rápido antes do prazo combinado.
Recomendo a todos essa loja.",positive,121,health_beauty,SP
5,"Chegou bem antes do previsto,recomendo muito!",positive,45,telephony,SP
5,Muito satisfeito a minha mulher adorou,positive,38,health_beauty,SP
3,O produto não veio uma uma caixa. Como sempre compro de revendedora não sei se é assim mesmo. Mas vou testar o produto para ver se realmente é original. Pois há falsificações frequentes deste produto.,neutral,200,health_beauty,SP
3,Houve atraso e tive que ir três vezes no correio para poder retirar o produto que comprei. Não comprei mais quando a entrega for feita pela targaryen.,neutral,150,bed_bath_table,SP
5,Otima Muito boom...entrega bem antes da data prevista..,positive,55,pet_shop,MG
2,Regular Um dos pneus não deu alinhamento a bandagem está fora de centro só poderei usá-lo como estepe,negative,101,auto,SP
5,Entrega super rápida!!!! Amei a cabana e a entrega ocorreu em 1 dia útil.,positive,73,toys,SP
4,Recomenfo os entregues no prazo e petfeitas condições,positive,53,garden_tools,PR
3,Produto Ok Relógio bem bonito...,neutral,32,watches_gifts,MG
3,"Pedi 2 unidades e só recebi 1. Paguei por 2 unidades. Quando vou receber a 2? Aguardo resposta. Recebi 1 unidade no dia 11/1;
.",neutral,128,home_appliances_2,SP
5,super recomendo Produto em perfeito estado! Conforme o anuncio!,positive,63,electronics,SP
4,"Muito desagradável receber dois produtos IGUAIS SEPARADAMENTE, e em dias diferentes sem NOTA FISCAL!
GERA INSATISFAÇÃO.",positive,120,pet_shop,MG
1,Não funciona. Pedi devolução.,negative,29,housewares,SP
4,"O cobre leito é muito bonito, mas depois que lavei ele encolheu um pouco.",positive,73,bed_bath_table,SP
5,O produto é de ótima qualidade! A entrega foi antes do prazo... Recomendo!,positive,74,bed_bath_table,PR
2,"veio produto diferente da foto , modelo diferente",negative,49,baby,RJ
5,O unico detalhe e q co.prei 2 iguais e veio em duas caixas separadas e poderia ter vi do em 1 caixa e diminuir o valor do frete so esse detalahe me chamou atencao.,positive,163,sports_leisure,RJ
1,NÃO RECOMENDO FIZ A COMPRA DE 3 CAIXAS E RECEBI APENAS 2 CAIXAS,negative,63,health_beauty,SP
1,"Me senti lesada , o produto vendido é réplica e das piores. Estou aguardando para mandar produto de volta.",negative,106,,SP
5,O produto veio bem antes,positive,24,watches_gifts,SP
5,Entrega rápida e produto excelente,positive,34,stationery,MG
4,"recomendo O material é bom, o problema é que a bolsa não fecha, não possui zíper, é como uma sacola. Isso me deixou insatisfeita, pois na foto não dá pra perceber e não há informação ou foto interna sobre isso.",positive,210,cool_stuff,MA
1,"Foi enviado um produto que não corresponde em absolutamente nada com oque comprei.
Com fortes indícios do engano ser proposital.
Nem mesmo em sites de televendas menos expressivos, ocorreu tal fato.",negative,200,pet_shop,SP
1,Não recebi os produtos nem a Nota fiscal. Além de não conseguir atendimento por telefone.,negative,89,computers_accessories,RJ
4,recomendado muito bom,positive,21,sports_leisure,DF
5,"O produto foi entregue antes do prazo,e de ótima qualidade!!",positive,60,health_beauty,MG
1,Comprei 2 travesseiros e recebi apenas 1.,negative,41,bed_bath_table,PR
5,Produto conforme anunciado.,positive,27,health_beauty,BA
5,"Eu gostei muito do produto, eu recomendo.",positive,41,toys,SP
3,Eu recebi apenas o sapatinho de marca Bebella. O outro sapatinho de silicone não veio junto.,neutral,92,pet_shop,DF
1,"Comprei a película para celular e não recebi. Houve problema com o pacote no meio do caminho, abri reclamação no correio, no site da lannister, e nada foi feito para resolver, não tive nenhum retorno",negative,199,telephony,SC
5,"Chegou antes que o previsto, tudo certo.",positive,40,sports_leisure,RJ
5,Bandeja  Excelente vendedor,positive,27,housewares,SC
2,"Produto veio mal lacrado, derrubou tinta em tudo",negative,48,computers_accessories,SP
1,"Não consigo obtive nenhuma posição quanto ao estorno, produto não chegou.",negative,73,,SP
5,produto muito bom  produto entregue no prazo combinado.,positive,55,furniture_decor,SP
1,"Ja passou o prazo de entrega 
E o produto ainda nao chegou 
O que aconteceu?????",negative,82,books_imported,MG
2,Não recebi o produto ainda.,negative,27,auto,PR
4,Produto de qualidade.,positive,21,stationery,SP
5,Rapidaentrega e boa assistencia ao cliente,positive,42,sports_leisure,BA
1,produto não chegou não tive nenhuma resposta do vendedor ate hj a nota foi faturada no dia 4/11/2016 com previsao de chegada para dia 28/11/2016 ate agora nem produto e nem posiçao do venddedor,negative,193,consoles_games,SP
4,"PRODUTO ENTREGUE DENTRO DO PERÍODO ESTIPULADO. AINDA ASSIM, UM PRAZO TÃO LONGO É MOTIVO PARA EU PENSAR 2 VEZES ANTES DE COMPRAR NOVAMENTE. PARA QUEM NÃO TEM PRESSA, BOA OPÇÃO.",positive,175,furniture_decor,MG
3,O produto veio faltando algumas peças a empresa se prontificou a envia las estou aguardando,neutral,91,office_furniture,SP
1,"Boa trade!
Comprei 2 produtos e o mesmo não foi entregue corretamente. Foi adquirido dois controles desta empresa e dentro da caixa continha somente 1. Preciso que resolvam o problema urgente.",negative,193,electronics,MG
3,material entregue dentro do prazo. Faltou o principal...o aparelho celular deveriam ter me informado o motivo pelo qual nao foi aprovado o pagamento.,neutral,149,telephony,SP
5,Muito boa e muito top,positive,21,perfumery,GO
5,***** Compra rápida e entrega dentro do prazo. Recomendo!,positive,57,health_beauty,BA
2,Produto chegou com um pequeno defeito.,negative,38,office_furniture,MG
5,Produto entregue dentro do prazo . Gostei muito.,positive,48,market_place,SP
3,"O produto estava com a embalagem violada, porém, testei e não tinha nenhum item faltando no conteúdo.",neutral,101,health_beauty,SP
3,"O MATERIAL DO PRODUTO É BOM, MAS DEIXA A DESEJAR NO IMÃ QUE FECHA A CARTEIRA. É COM POUCA PRESSÃO, E COM UMA SEMANA DE USO, JÁ NÃO FECHA MAIS COMO DEVERIA. E FICA SOLTANDO LINHA DA COSTURA. MEDIANO",neutral,197,telephony,RJ
5,Recomendo a loja. Tudo correto!,positive,31,home_confort,RO
5,Produto de boa qualidade! !!,positive,28,health_beauty,BA
1,Problemas na entrega Não seria justo não recomendar a loja pois não recebi o produto pois o Correios não entregou. Talvez seria interessante a loja utilizar outra transportadora.,negative,178,computers_accessories,RJ
5,Produto excelente! Exatamente como anunciado! Entrega rápida!,positive,61,fixed_telephony,RS
3,"produto devolvido no ato da entrega ,nao correspondia para ninha necessidade",neutral,76,auto,SP
5,Cumpriu com perfeição,positive,21,auto,BA
5,"O produto de ótima qualidade, chegou embaladinho pra presente, lindo, lindo!!!",positive,78,watches_gifts,RS
1,Não recebi o produto correto. Estou esperando um retorno até agora.,negative,67,sports_leisure,RS
1,Passou dos dias previstos.,negative,26,,SP
3,ENTREGA NÃO EFETUADA,neutral,20,bed_bath_table,SP
4,Os produtos cheragam porém não eram exatamente os que estavam na fotos mais da pra usar,positive,87,bed_bath_table,MG
1,"Ainda não recebi, prazo expirado...",negative,35,telephony,RS
1,"não recomendo Recebi o material bem antes do prazo informado, mas fiz o pedido para receber a caixa do Pet na cor azul e entregaram na cor rosa.",negative,144,,SP
1,"não recomendo Não cumprem os ´prazos e ignoram a expectativa do cliente.
Falta profissionalismo.
Impossível recomendar.....",negative,125,health_beauty,PE
1,"o produto veio correto e no prazo, porem veio com uma peça quebrada",negative,67,furniture_decor,GO
5,Entrega antes do previsto. Tudo ótimo!,positive,38,toys,RJ
2,"regulart era para ser entregue 4 produtos tres e depois mais um, so foi entregue dois produtos",negative,94,watches_gifts,SP
4,"bom demoraram a colocar nos correios, mas depois foi rápido, mas atrasou !",positive,74,pet_shop,RJ
5,eu sou artesã vou pintar .. só depois posso dizer algo.,positive,55,bed_bath_table,RJ
5,Recebi antes da data prevista.produto tudo em ordem,positive,51,computers_accessories,PI
5,produto entregue dentro do prazo correto,positive,40,costruction_tools_tools,SP
5,Produto entregue no prazo,positive,25,garden_tools,PE
2,"A mercadoria chegou parcialmente, encomendei duas unidades, e rebemos até agora apenas uma unidade, no status do pedido, marca mercadoria entregue. Tento fazer contato pelos telefones, e só cai em gra",negative,200,stationery,RS
5,serviço excelente. Entrega antes do prazo.,positive,42,perfumery,SP
5,"Entrega super rápida, muito antes do prazo. Produto conforme o esperado!",positive,72,furniture_decor,SP
1,Não recebi o produto. Comprei três luminárias e só chegou uma...,negative,64,furniture_decor,PR
5,"Muito bom!chegou no prazo certinho e foi muito rápido, adorei!!😍😍",positive,65,,PA
2,"Tive que comprar um cabo que não veio com o adaptador,adaptador incompleto para o uso.",negative,86,electronics,RJ
5,"A mochila é boa,o zíper agarra um pouco mais é por causa do material da mochila que é tipo uma napa ou lona",positive,107,stationery,RJ
1,"ainda não tive resposta sobre a devolução do valor pago, estou esperando respostas sobre o meu pedido, se não tiver nenhum resposta vou colocar uma nota bem grande no reclame aqui.",negative,180,furniture_decor,SP
5,A lannister sempre se superandoo,positive,32,cool_stuff,SP
4,"Recebi, a bolsa é diferente mas gostei estava previsto pra 31 de janeiro estava achando muito tempo porque é pra escola e estou aguardando o vale compra da primeira compra da bolsa que não deu certo",positive,198,stationery,SP
1,Relógio ruim Propaganda enganosa lá na descrição diz que o relógio é isso e aquilo que é bom e tal mas na verdade não é nada disso além de tudo a cor que eu pedi foi dourado e veio uma cor que não é Dourado.,negative,207,watches_gifts,BA
4,Ótimo Ótimo de confiança pode comprar chegou muito rápido,positive,57,stationery,RN
5,"Qualidade, preço e prazo! parabéns, continuem nesse caminho. Muito obrigado!",positive,76,watches_gifts,ES
3,"Boa faca Uma boa faca, porém só não veio amolada.",neutral,49,sports_leisure,RJ
1,"Recebi parte dos ítens comprados, apenas 3 unidades do kit na cor pérola faltaram as 2 unidades do kit na cor preta.",negative,116,health_beauty,SP
5,"Como sempre, entrega rápida, produto de qualidade, bem embalado e em perfeito estado.",positive,85,toys,SP
1,"comprei tento entra em contado eles nao responde, e nao entregam o iten",negative,71,sports_leisure,MT
1,Película do Fusor Lexmark E250 260 350 460 so chegou as peliculas falta a unidade de cilindro.,negative,94,computers_accessories,ES
5,Sim eu recomendo  👍👍👍,positive,21,furniture_decor,SC
5,"Ótimo A Entrega chegou bem antes do prazo...
Parabéns pela agilidade.",positive,70,toys,SP
1,O produto não foi entregue até o momento. Realizei na mesma data a compra de outros produtos ( um outro óculos e uma bicicleta) que já foram entregues. Como proceder?,negative,166,health_beauty,BA
5,"recomendado nunca tive problemas, por isso recomendo",positive,52,housewares,MG
5,O produto atende as necessidades. Produto fácil de manuseio.,positive,60,telephony,SP
1,"O Produto não foi entregue disseram no rastreiamento que ele ainda não chegou na unidade de Salvador, isso foi no dia 23/03/18 e hoje 13/04/18 não tenho mais nenhuma notícia. 
Espero Resposta fas",negative,196,electronics,BA
5,Otima qualidade e de fácil aplicação,positive,36,furniture_decor,ES
5,chegou antes do prazo excelente,positive,31,health_beauty,SP
5,"OK,RECEBI OSPRODUTOS COM QUALIDADE E ANTES DO TEMPO, SUPER RECOMENDO",positive,68,home_appliances_2,SP
5,"ótimo Muito bom, no prazo certo",positive,31,perfumery,SP
5,"Mto bom o produto foi entregue antes do prazo.
Mto bom.",positive,56,health_beauty,DF
5,"Ótima compra O produto chegou antes do prazo, em perfeitas condições e totalmente de acordo com a descrição no site. Excelente compra. Fiquei muito satisfeita.",positive,159,baby,SP
4,O produto não foi entregue pelos correios tendo que ser retirado... Pq os horários não batiam.,positive,94,home_appliances_2,MT
2,"Comprei 2 relógios, mas só foi entregue 1",negative,41,watches_gifts,RJ
5,"Excelete Compra feita com sucesso!
Estou satisfeita, recebi o produto muito antes do previsto e foi exatamente o que estava no anúncio. Parabéns!
Até a próxima compra.",positive,169,health_beauty,MA
1,Entregaram somente 1 das quatro cadeiras depois do prazo estabelecido,negative,69,office_furniture,SC
1,Comprei 4 cortinas na 5°cortina que comprei veio bem menor que as outras...o pior que ficaram todas juntas...bem desigual,negative,121,bed_bath_table,SP
4,Muito bom recomendo!!,positive,21,office_furniture,RJ
5,"Muito satisfeito.  Ainda não fiz a instalação, mas creio que não haverá problemas , mesmo quem Vendeu ter sido terceiros, o frete foi super rápido , obrigado lannister.",positive,168,garden_tools,MG
1,"Fiz o cancelamento porque tiver plobema na entrega,mais ainda não devolveram o meu dinheiro.",negative,92,perfumery,RJ
1,Pedi um produto que vinha com cabo para telefone Apple conforme imagem. Me enviaram um sem o cabo e com um cabo pirata para Samsung! Ridículo!,negative,142,telephony,SP
1,"informaram que o produto foi entregue em 24/3 , não confirmo a informação! Peço informar local , horario e quem recebeu ?",negative,121,computers_accessories,RJ
4,Envio rápido  Muito bom o produto. Muito caro o frete.,positive,54,housewares,RS
5,Mochila perfeita e bem embalada de boa qualidade,positive,48,stationery,SP
4,"Boa tudo certo, dentro do esperado. Recomendo!",positive,46,furniture_decor,SP
5,"Uma loja segura e responsável, recomendo pois são muito organizado e preocupado com a satisfação do cliente.",positive,108,fashion_bags_accessories,MT
5,Bom Chegou no prazo porem veio arranhado.,positive,41,home_confort,RJ
1,"O produto veio aparentemente aberto, digo, incompleto pois falta a parte de traz dele, o que parece ser a bateria. Ele,conectado no computador, não funciona.",negative,157,auto,MG
1,"Eu tinha cancelada a compra, mas mesmo assim me entregaram",negative,58,computers_accessories,SP
5,Excelente loja a entrega foi rápida e o produto também é de excelente qualidade. Pretendo comprar novamente.,positive,108,sports_leisure,SP
3,Recebi somente um item,neutral,22,watches_gifts,PR
5,"Estou muito satisfeito,sempre compro com vocês e nunca tive problemas entrega sempre antes do prazo.",positive,100,furniture_decor,RJ
5,cinco estrela ótimo entrega rápida e eficiente gostei muito,positive,59,construction_tools_lights,SP
1,"Recebi somente a Grella oriental.
Não recebi as duas panelas.",negative,62,housewares,SP
1,Não mandaram o produto da marca que comprei,negative,43,auto,PA
5,produto chegou no prazo e em perfeitas condições. muito prático e leve,positive,70,audio,SP
3,"A bicicleta é boa, porém poderia ser melhor. O manual de instruções é em inglês e as correias que prendem o pé são curtas. O seletor de dificuldade também não funciona muito bem.",neutral,178,sports_leisure,SP
5,Super recomendo Entrega bem antes do prazo.,positive,43,bed_bath_table,SP
5,RECOMENDO A LOJA PELA RAPIDEZ NA ENTREGA DO PRODUTO.,positive,52,drinks,SP
1,Nao recebi meu produto. Deixou muito a desejar porque ainda.nao recebi o produto.,negative,81,watches_gifts,PR
5,o controle chegou antes do prazo de entrega recomento o site de confiança e atendeu minha necessidade muito bom! logo esterei comprando mas!,positive,140,electronics,RJ
5,O produto chegou com 16 dias antes do prazo...adoreiiiii,positive,56,perfumery,PR
5,"Lojas lannister A MELHOR Junto com a Netshoes, as Melhores Lojas On-Line",positive,72,health_beauty,SP
4,Chegou certinho antes prazo,positive,27,watches_gifts,SP
4,"Indico a loja, o produto bom e foi bem embalado por ser quebrável",positive,65,housewares,BA
1,Não veio o produto certo. Quero devolver o mesmo e quero meu dinheiro de volta,negative,78,telephony,MG
5,Produto atendeu a expectativa,positive,29,housewares,MG
1,"informaram que o produto foi entregue em 24/3 , não confirmo a informação! Peço informar local , horario e quem recebeu ?",negative,121,computers_accessories,RJ
5,Foi comprado as fronhas e foi entregue no prazo determinado e estou satisfeito com o mesmo,positive,90,bed_bath_table,MG
5,"Ótima... Gostei muito do que comprei e,a entrega se deu bem rápida!",positive,67,fashion_bags_accessories,RJ
5,Ótima loja para se comprar.,positive,27,pet_shop,SP
1,"Não entregou produto Sem comentário , não recebi o relógio Cassio .",negative,67,watches_gifts,SP
1,Nao entregaram o produto e nao entraram em contato para resolver o problema ate o momento.,negative,90,sports_leisure,SP
4,Linda!! Recebi bem antes do prazo!,positive,34,bed_bath_table,RJ
1,Comprei e paguei por dois produtos iguais e só recebi um.,negative,57,watches_gifts,RJ
5,"Prazo cumprido, 
qualidade presente
entrega o que vende",positive,57,perfumery,RJ
4,"excelente! Recomendo Recebi antes do prazo, embalagem perfeita. Recomendo.Produto muito bonito.",positive,95,housewares,SP
1,"Péssima! Comprei dois relógios, um Relógio Feminino Bracelete Dourado Strass que chegou com defeito e outro Relógio Feminino Bracelete Flor Com Pérolas que ñ chegou, mas consta como entregue.",negative,191,watches_gifts,ES
2,"Entregaram a NF com as 06 unidades compradas,mas entregaram apenas 04!
Aguardando resposta da empresa a respeito do ocorrido.",negative,126,housewares,SP
5,Muito bom! Entrega antes do prazo!,positive,34,watches_gifts,SP
1,"Eu pedi 4 travesseiro de adulto é veio 1 de Bebê, não quero!!!Quero o estorno do meu cartão, quero devolver esse travesseiro de bebê.",negative,133,baby,RJ
1,Produto não entregue Pensei que seria entregue antes do prazo mas nenhuma coisa nenhuma outra,negative,93,cool_stuff,PE
4,"Boa Entrega e serviço perfeito,só o produto que não cumpriu o que prometia. Escova rotativa muito fraca e fica com cheiro forte de queimado",positive,139,health_beauty,RJ
4,"Ótimo produto, porém, comprei a cortina com 2,5 de comprimento, mas, a que recebi tem 2,42. Fora isso exclente produto.",positive,119,bed_bath_table,RS
5,Produto muito bem embalado e entregue dentro do prazo.,positive,54,pet_shop,MG
5,Entregue no prazo Excelente fornecedor,positive,38,health_beauty,SP
5,Excelente qualidade e rapidez,positive,29,computers_accessories,MG
3,"Ainda não recebi o produto, esta bem atrasado, nao recebi nenhuma satisfação ainda.",neutral,83,auto,SC
2,"Os quadros são de baixa qualidade.
A resolução das imagens deixa muito a desejar.",negative,82,furniture_decor,RJ
4,Preço bom e compra fácil,positive,24,,SP
3,Demora muito pra entregar os produtos,neutral,37,baby,TO
5,"Veio antes do prazo, produto original e lacrado, perfeito!",positive,58,watches_gifts,RS
5,O produto parece bom. O acabamento é bom.Vamos ver a durabilidade.,positive,66,fashion_shoes,MG
3,Não recebi o autotransformador. Os controles foram entregues.,neutral,61,electronics,SP
5,Adorei.ficou muito bom no meu aparelho.Eu recomendo!,positive,52,telephony,SC
1,Não entregaram o produto e agora estão alegando que há dificuldade na entrega. Uma simples capa de máquina de lavar que deveria ser entregue em um bairro da capital do estado com toda infraestrutura.,negative,199,furniture_decor,PI
5,"Parabéns lannister , entrega no prazo e produto lacrado ..Recomendo!! Uma ótima loja online !",positive,93,consoles_games,SP
4,"Poderia vir com um pouco do liquido para teste,mas chegou rapido",positive,64,musical_instruments,MG
5,"produto de ótima qualidade e com valor acessível, recomendo a todos.",positive,68,computers_accessories,RO
5,Ótimo  Comprar na lannister é muito bom...virei fã,positive,50,sports_leisure,SC
5,"O produto chegou antes da data prevista e super embalado.
O Meu filho quando abriu a caixa ficou super encantado ...",positive,117,stationery,SP
5,"o vendedor foi pontual na entrega , feita dentro do prazo combinado,e confiavel.",positive,80,sports_leisure,MG
5,recebi o produto bem antes do prazo,positive,35,health_beauty,SP
5,Produto bom. Chegou antes do prazo. Super recomendo. Atendeu minhas expectativas!!!,positive,83,bed_bath_table,RJ
1,"Produto não entregue Depois de muito tempo somente hoje recebi uma mensagem com a seguinte informação:

""Boa tarde Valter! 
Agradecemos por entrar em contato.
Lamentamos a demora em lhe retornar!

Seu pedido não foi",negative,221,computers_accessories,MG
1,"Atraso na entrega  O produto está com a entrega em atraso.
Até o momento não obtive nenhum retorno do meu chamado que está em aberto!",negative,134,market_place,SP
4,"Bom Gostei do produto, mas dois dias depois... Estava 60,00 reais mais barato.😐",positive,79,office_furniture,BA
5,excelente Muito bom entregue bem antes do prazo estao de parabéns.,positive,66,telephony,MS
1,"Produto de pessima qualidade, na primeira brincada do meu sobrinho, vem se desmanchando soltando as peças....",negative,109,toys,SP
1,"Alto Falante 10 Polegadas Medio Grave - 8ohms 400w Rms - QVS - 10MGS400-8
SÓ RECEBE 2 UNIDADES FALTARAM DUAS",negative,109,auto,CE
5,"Recebi o long 10 dias após a compra, e chegou em perfeito estado. A ilustração é idêntica à imagem do site. O material é de ótima qualidade e o tamanho é perfeito. Recomendo !",positive,175,sports_leisure,RJ
5,vocês estao de pabens amei comprar com vocês,positive,44,health_beauty,SP
5,"Produto entregue rápido!! Produto entregue rápido, e conforme descrito.",positive,71,stationery,SP
1,Por enquanto a minha avaliação sobre esta loja é ruim e não a recomendaria pra ninguém. Pois ainda não recebi o produto que comprei e nem sei se irei receber. Estou aguardando alguma resposta da mesma,negative,200,stationery,BA
5,Produto chegou antes do prazo. . Adorei.,positive,40,auto,RJ
4,"RECOMENDO Ainda não posso posso opinar pois, começei a tomar esta semana..e fiquei triste porque os frascos chegaram amassados..obrigada",positive,136,sports_leisure,PR
1,Comprei 14 unidades e recebi somente 9. Ainda não foi resolvida a questão.,negative,74,telephony,SP
4,"Recomendo Apesar do produto estar ok, a caixa estava amaçado e houve um pouco de vazamento de tinta.
Acho que faltou uma etiqueta de frágil.
De resto tudo ok.",positive,160,computers_accessories,SP
1,Muito tempo para a entrega. Até agora não recebi o produto.,negative,59,agro_industry_and_commerce,RJ
1,"Comprei dois tonners.
Só me enviaram um (Q6003AB).
Cadê o outro?",negative,66,computers_accessories,SC
5,"Excelente produto.
Obrigada",positive,28,furniture_decor,MG
3,"Não recebi os posts, apenas o papel de parede.",neutral,46,furniture_decor,SC
4,Produto faz o que promete.,positive,26,furniture_decor,SP
5,Estão de parabéns....,positive,21,perfumery,ES
4,Nao Gostei muito fruteira porque e fixada com rebite e nao comprei parafuso e ela ta desnivelada fica sambando,positive,110,furniture_decor,BA
3,"Ainda nao recebi, nao posso tecer mais comentarios .

Att,",neutral,60,housewares,RJ
5,Otimo. Parabens. Bom trabalho.,positive,30,computers_accessories,SP
5,"Entrega no prazo, ótimo acabamento, apaixonada pelo produto! Recomendo!",positive,71,furniture_decor,MT
2,O produto veio com defeito . Amassado.,negative,38,garden_tools,SP
5,Ótimo Valew nota 1000,positive,21,computers_accessories,MG
3,"Foi tudo perfeito, tirando o sabor do produto que pedi baunilha e veio chocolate. Mas como não ligo mto pra isso e o sabor não tem tanta importância pra mim, nem liguei.",neutral,169,sports_leisure,RJ
1,"Encomendei três jogos de banheiro e só recebi o amarelo até agora, ficou faltando dois.",negative,87,furniture_decor,ES
1,"Paguei pelo frete como sempre e deixaram num correio muito mas muito longe da minha casa, não terem deixado em minha casa nem foi o problema, mas poderiam muito bem deixar em um correio mais proximo!",negative,199,bed_bath_table,SP
1,Cadê o produto???????,negative,21,furniture_decor,SP
5,"Produto de otima qualidade, entregue antes do prazo super satisfeita.",positive,69,cool_stuff,RS
5,Ótimo produto Amei a qualidade e o designer!!!,positive,46,furniture_living_room,MG
4,Bom produto. Atende as expectativas. Igual ao anunciado.,positive,56,garden_tools,RJ
5,"Os produtos são sempre de excelentes qualidades, estamos testando. Gratos",positive,73,cool_stuff,RJ
4,"TIVEMOS QUE BUSCAR NOS CORREIOS, ISSO É DESAGRADÁVEL POR PERDERMOS TEMPO.",positive,73,bed_bath_table,RJ
1,Produto com defeito Eu solicitei devolucao do valor pois o produto veio com defeito e nao foi aceito pela impressora apontando defeito.,negative,135,computers_accessories,RS
1,Compra feita a mais de 10 dias e não foi entregue ainda,negative,55,garden_tools,SP
2,É preciso entrar em contato com o cliente para informar qualquer mudança no envio do pedido.,negative,92,computers_accessories,SP
4,"Boa Atendimento rápido, cortina com cheiro forte.",positive,49,furniture_decor,SP
2,"Comprei três luminárias pendentes, recebi apenas duas.",negative,54,garden_tools,RS
5,Teve um pequeno contratempo o correio etregou os produtos fracionados mais chegou tudo correto.,positive,95,bed_bath_table,BA
1,nao recebi todo material  veio somente uma pastilha de 06 e nao recebi o cloro ainda !!!,negative,88,sports_leisure,SP
3,"Recebi o produto correto, porém o valor do produto na NF ficou a menor, R$ 172,00 sendo que comprei a 219,90.
O valor do frete calculado foi R$ 18,90 e veio R$ 93,00.
Gostaria que viesse com correto",neutral,200,watches_gifts,MG
4,Muito bom o produto chegou no prazo,positive,35,stationery,MG
3,"jogo de lencol Recebi por enquanto apenas um jogo de lencol 
Jogo de Lençol Casal King Imperial 04 Peças Percal 180 Fios Ponto Palito - Caqui",neutral,142,bed_bath_table,RJ
4,Lindo! Porém as toalhas são muito finas.,positive,40,bed_bath_table,SP
1,as mercaadorias deveriam ser entregues em uma so vez,negative,52,computers_accessories,MG
1,Pedido veio incompleto falta no jogo de tapete,negative,46,bed_bath_table,MG
2,Comprei 3 luminarias e recebi apenas 2. Veio a Nota Fiscal constando 3 e apenas 2 luminarias na embalagem. Abri reclamação pelo site imediatamente e aguardo retorno.,negative,165,furniture_decor,MG
1,"Fiquei muito descontente, comprei o perfume masculino de presente e mandei entregar para a pessoa. Mas para a minha infelicidade, chegou o perfume feminino!!!!!!",negative,161,perfumery,SP
5,Agilidade na entrega!,positive,21,costruction_tools_garden,SP
4,Muito obrigado Parabéns,positive,23,home_appliances,SP
1,meu mosquiteiro veio com dois furos na parte superior e pedir um mosquiteiro King porem nao veio Kiung e sim QUEEM,negative,114,bed_bath_table,SP
4,Os produtos chegaram antes do prazo! Amei!,positive,42,cool_stuff,PR
1,"Não recomendo Não recebi o produto, pois não recomendo esta loja, mais a responsabilidade é das lojas lannister",negative,111,toys,AC
1,"Desde que solucionem o meu problema, eu recomendaria pq consta que meu produto foi entre e ele ainda não chegou.",negative,112,computers_accessories,SP
5,"Chegou muito antes do prazo 
Adorei!!!",positive,39,toys,SP
1,Ainda não veio meu produto. Espero que semana que vem venha com segurança.,negative,74,sports_leisure,RS
5,Recomendo O Produto foi entregue ainda antes do prazo previsto.,positive,63,sports_leisure,MG
3,"A Entrega foi em cima do prazo, recomendaria mais atenção e o produto é bom",neutral,75,furniture_decor,SP
5,recomendo OTIMO PRODUTO TUDO DENTRO DO ESPERADO,positive,47,watches_gifts,GO
2,Não foi o que eu esperava.,negative,26,furniture_decor,SP
5,"Compro no stark, há vários anos. Ótima loja virtual. Nunca tive problemas.",positive,74,fashion_shoes,SP
1,realizei a compra no dia 22/02/2017 com previsão de entrega até o dia 23/03/2017 e até agora não recebi o produto.Se eu ainda receber volto e falo algo mais,negative,156,food,PE
4,Só falta ter o frete mais em conta,positive,34,garden_tools,GO
1,Infelizmente o produto enviado (Braçadeira Armband ) veio com defeito de fabrica. Também venho relatar que o material do produto e de péssima qualidade (parece produto de feira (xing ling)) totalme,negative,197,fixed_telephony,DF
2,"pessima qualidade pedido com 02 itens, recebi apena 01 item. item recebido refere-se a 01 jogo com 05 toalhas, que vou usar como pano de chão.
o outro jogo solicitados não recebi, então não poderei avaliar.",negative,207,bed_bath_table,RJ
5,Recomendo o vendedor Bons produtos e entregues dentro do prazo.,positive,63,telephony,PE
3,"demorou muito a chegar, mas não sei se a culpa foi do vendedor...",neutral,65,toys,RJ
1,"5 Só acho que devia enviar logo o produto eu sempre compro ,mais dessa vez meu produto ainda não chegou.",negative,104,,GO
5,"Parabéns!! Tudo certo, entrega dentro do prazo!",positive,47,computers_accessories,RJ
1,Qualquer encostada se desmonta! Não gostei! . muito arrependida,negative,63,furniture_decor,SE
5,Obrigado pelo produto minha mãe gostou MT,positive,41,cool_stuff,MG
2,o trocador veio mas ficou faltando os dois mosquiteiros que era pra vir junto,negative,77,baby,PR
1,Relógio com ferrugem na caixa,negative,29,watches_gifts,RS
1,"Venho somente um produto, são 4.",negative,32,electronics,MG
4,recomendo muito boa entrega antes do prazo .,positive,44,cool_stuff,RS
5,Entregaram um pouco antes do prazo. Mostrou eficiência na entrega. Possui facilidade nas formas de pagamento. Obrigado. Agradeço a todos. Beijos.,positive,145,bed_bath_table,PA
5,"boa loja, boa compra, enviou nota fiscal, tudo correto!",positive,55,luggage_accessories,RS
4,"Muito bom Muito bom, comprei no site e chegou tudo certinho, obrigada.",positive,70,auto,DF
4,Não posso dizer nada Ainda,positive,26,health_beauty,DF
5,"Ótima loja!! Poderiam mandar os produtos tudo junto num mesmo frete, assim economizaríamos na entrega, tirando isso, foram muito atenciosos e recomendo à todos!!",positive,161,pet_shop,SP
1,Comprei 4 fatiadores e recebi somente 2. E agora ??? Como devo proceder???,negative,74,housewares,PR
2,comprei o produto na cor preta e chegou na cor vermelha.,negative,56,telephony,SP
1,Não foi entregue o produto,negative,26,bed_bath_table,SP
1,Nunca mais compro pelo parceiro targaryen nao tem padrao de qualidade falta respeito com o consumidor,negative,101,,SP
5,Boa negociacao. Otimo produto. Satsfeito com a compra,positive,53,electronics,RJ
3,Produto com qualidade inferior ao que imaginei. E alto valor.,neutral,61,office_furniture,SP
5,"Não sei o que é pra pôr a Eu recebi o produto dentro do prazo. Gostei muito, É de ótima qualidade. Já estou usando!!!",positive,117,bed_bath_table,SP
5,eu recebi apenas um jogo de lençol o jogo de lençol adriana nao veio junto,positive,74,bed_bath_table,SP
5,"Produto muito bom, superou minhas expectativas!!!",positive,49,health_beauty,BA
5,Muito bom Gostei muito do produtor,positive,34,books_imported,MA
3,"Comprei 3 almofadas e só recebi 2, sem a respectiva Nota Fiscal.",neutral,64,furniture_decor,RJ
5,Entrega antes do previsto.,positive,26,toys,ES
1,Veio numa embalagem esdruchula. Muito mal embalado. Parecia loja amadora de fundo de quintal. Vergonha stark numa parceria dessas. Chego a pensar se realmente o produto é original Epson.,negative,186,computers_accessories,SP
1,"HOJE, dia 02/08/2017- quarta feira, Informo que ainda NÃO recebi 02 Lustres Pendente Meia Lua Meia Bola Esfera Alumínio 34cm escovado, O Correios só entregou até agora 4 dos 6 Lustres que comprei....",negative,199,garden_tools,DF
1,Eu fiz a compra de 3 luminárias pêndulo e só foi entregue apenas uma. Estou aguardando um retorno de quando será entregue os outros dois???!,negative,140,garden_tools,RJ
5,"Boa qualidade do material. Só acho q deveriam produzir bolsas um pouco maiores, mas como são duas, já ajuda.",positive,108,cool_stuff,MG
3,Primeiro pedido veio o produto quebrado. Estou aguardando a troca.,neutral,66,housewares,PR
4,"Muito desagradável receber dois produtos IGUAIS SEPARADAMENTE, e em dias diferentes sem NOTA FISCAL!
GERA INSATISFAÇÃO.",positive,120,pet_shop,MG
5,"chegou dentro do prazo e em perfeita condições, o quarto do meu bebe agora esta mais lindo!!!",positive,93,bed_bath_table,RJ
5,Entrega dentro do prazo! Tudo ok.,positive,33,bed_bath_table,PR
5,O produto foi entregue no prazo previsto.,positive,41,books_technical,PI
5,Tudo de bom amoo vocês minhas compras de Natal só com vocês obrigada bjbj feliz natal a toda equipe bjbjbj ..,positive,109,fashion_shoes,SP
4,"não veio tudo em um pacote só, foi chegando separado .. mas chegou tudo certinho",positive,80,computers_accessories,SP
1,"o produto foi entregue,mas demorou muito.",negative,41,fashion_bags_accessories,MG
3,Boa qualidade O produto chegou de acordo e tem boa qualidade. A estampa não é igual a foto e sim todo preto com visor transparente.,neutral,131,furniture_decor,SP
5,"Gosto de comprar na lojas lannister. pratico rápido e o produto chega antes do prazo de entrega.
Recomendo.",positive,108,sports_leisure,SP
1,"Não gostei da colcha, material muito fraco. Na foto estava linda, mas quando chegou fiquei triste, acabendo muito 
mau feito.Mas isso acontece com quem compra na internet",negative,171,bed_bath_table,MG
1,"NAO RECEBI O PRODUTO E NEM O DINHEIRO DE VOLTA.
PRECISO DE UMA SOLUÇÃO URGENTE SE NÃO TEREI QUE IR AO PROCON",negative,109,housewares,SP
4,"GOSTEI DO TRATAMENTO COM O CLIENTE, SÃO ATENCIOSOS. PRODUTO DE BOA QUALIDADE.",positive,77,housewares,DF
3,"Muito bom o produto 
E chegou antes da data prevista .. 
Muito bom",neutral,68,cool_stuff,RO
1,"Sem produto em estoque Comprei e depois me avisaram que não tinha estoque, situação extremamente desagradável.",negative,110,auto,PR
5,"Produto de ótima qualidade, preço justo, e principalmente entrega no prazo.",positive,75,sports_leisure,SP
1,Não recebi até o momento o produto: porta lápis caneta lembrete (organizador de mesa tela aço).,negative,95,stationery,RJ
